x0,y0,z0,x1,y1,z1,x2,y2,z2,x3,y3,z3,x4,y4,z4,x5,y5,z5,x6,y6,z6,x7,y7,z7,x8,y8,z8,x9,y9,z9,x10,y10,z10,x11,y11,z11,x12,y12,z12,x13,y13,z13,x14,y14,z14,x15,y15,z15,x16,y16,z16,x17,y17,z17,x18,y18,z18,x19,y19,z19,x20,y20,z20,label,person_id,collector
0.8189419507980347,0.8728294968605042,-3.8272608549050346e-07,0.7552991509437561,0.8162152171134949,-0.0246930811554193,0.6993715763092041,0.7278602719306946,-0.0485311523079872,0.6583313345909119,0.659057080745697,-0.0764525607228279,0.6792624592781067,0.6070095896720886,-0.1027644574642181,0.7470526695251465,0.5630244612693787,-0.0157111976295709,0.7169980406761169,0.4656982421875,-0.0581631362438201,0.6892699003219604,0.3967158496379852,-0.0804662853479385,0.6714448928833008,0.3413808941841125,-0.0949976667761802,0.7990518808364868,0.5657892227172852,-0.0257309507578611,0.7366369366645813,0.5381643772125244,-0.0770538002252578,0.7240152955055237,0.6475832462310791,-0.0749466121196746,0.7423022985458374,0.6800187230110168,-0.0597095564007759,0.8493791222572327,0.5932779908180237,-0.0427720919251441,0.7816829085350037,0.5967745184898376,-0.0886145830154419,0.7729452252388,0.6890289783477783,-0.0604128614068031,0.7961422204971313,0.7042202949523926,-0.0292869955301284,0.8914276361465454,0.6434426307678223,-0.0641316175460815,0.8290613889694214,0.6501359343528748,-0.0866962969303131,0.814642071723938,0.7128585577011108,-0.0650088787078857,0.8347374796867371,0.7255825400352478,-0.0420467369258403,point,RRQ_p4,RRQ
0.8395960330963135,0.8503028750419617,-3.678702285014879e-07,0.7813136577606201,0.7801846265792847,-0.024526335299015,0.7364030480384827,0.6775245070457458,-0.0499587915837764,0.708615779876709,0.5935354232788086,-0.080291710793972,0.7422270178794861,0.5487011075019836,-0.1085657104849815,0.817891538143158,0.5318195819854736,-0.017216607928276,0.8130608201026917,0.4116436839103699,-0.0599639154970645,0.7986505627632141,0.3310670554637909,-0.0785299614071846,0.7922898530960083,0.2687548398971557,-0.0905064642429351,0.86932772397995,0.5483399629592896,-0.0283373575657606,0.8021752238273621,0.48770871758461,-0.0834566280245781,0.7729443907737732,0.597162663936615,-0.0778699442744255,0.7936469316482544,0.6345458626747131,-0.0586427301168441,0.915273368358612,0.586370587348938,-0.0467532686889171,0.8373578190803528,0.5673709511756897,-0.0964630544185638,0.8167246580123901,0.6596938967704773,-0.065313845872879,0.8446791768074036,0.6792737245559692,-0.0311558786779642,0.951249361038208,0.6430050730705261,-0.06942880153656,0.8801900148391724,0.6273366212844849,-0.0939581915736198,0.8560211658477783,0.6889117360115051,-0.0712828189134597,0.8768726587295532,0.7089444994926453,-0.0472212098538875,point,RRQ_p4,RRQ
0.8699612617492676,0.8966249227523804,-6.918821782164741e-07,0.7747038006782532,0.8079246878623962,-0.0064108283258974,0.712965726852417,0.7218449115753174,-0.0254005324095487,0.6694127917289734,0.6661648750305176,-0.0484192073345184,0.6571778059005737,0.6173288822174072,-0.068972460925579,0.7989555597305298,0.5481129884719849,-0.0077535002492368,0.711799681186676,0.4981302320957184,-0.0481564849615097,0.6521775722503662,0.4839050769805908,-0.0752952620387077,0.6055814027786255,0.4763293266296386,-0.0923363119363784,0.8372054696083069,0.5653157830238342,-0.0267164018005132,0.7093177437782288,0.5669381618499756,-0.0695628076791763,0.7073317170143127,0.6556873917579651,-0.0767381265759468,0.735181987285614,0.687538743019104,-0.0751636922359466,0.8614495992660522,0.6097372770309448,-0.0501732677221298,0.7330977320671082,0.6437868475914001,-0.0883490964770317,0.7425921559333801,0.719568133354187,-0.0715518966317176,0.7754918336868286,0.732079267501831,-0.0542401820421218,0.8708359003067017,0.6735361814498901,-0.0758126750588417,0.7668519616127014,0.702335774898529,-0.0987919494509697,0.7692453861236572,0.7582961916923523,-0.0849945619702339,0.7954050898551941,0.7699436545372009,-0.0704295560717582,point,RRQ_p4,RRQ
0.8019528985023499,0.879837155342102,-3.671216575185099e-07,0.7356730699539185,0.842343807220459,-0.0313230492174625,0.6694188714027405,0.7798766493797302,-0.0580990873277187,0.6363608837127686,0.7205954194068909,-0.0863937363028526,0.6557014584541321,0.6595415472984314,-0.1117320507764816,0.6708545088768005,0.6108893156051636,-0.0183056183159351,0.6011309623718262,0.5670188665390015,-0.0640796422958374,0.5496795773506165,0.5406603813171387,-0.0901157930493354,0.5107032656669617,0.5091071128845215,-0.1069399490952491,0.7229902744293213,0.5884838104248047,-0.0280823837965726,0.6576433181762695,0.5721428394317627,-0.0815930962562561,0.6725339889526367,0.67548668384552,-0.0859330520033836,0.7021386623382568,0.69741290807724,-0.0745410248637199,0.7787047028541565,0.5997765064239502,-0.0455022975802421,0.7148122787475586,0.6280992031097412,-0.0956811606884002,0.7207057476043701,0.7206143736839294,-0.074489064514637,0.7463338971138,0.723724365234375,-0.0469748340547084,0.8315876722335815,0.6351619958877563,-0.0672651156783104,0.7744899392127991,0.6674919724464417,-0.0935580134391784,0.7703320980072021,0.73250412940979,-0.0754682198166847,0.7894827127456665,0.7363905906677246,-0.0548657290637493,point,RRQ_p4,RRQ
0.1408770531415939,0.7278873920440674,2.159736993689876e-07,0.2303724884986877,0.7075967192649841,-0.0216639656573534,0.3261234760284424,0.6467408537864685,-0.0470035336911678,0.3923717439174652,0.5821487903594971,-0.0780355632305145,0.3964770436286926,0.5127702355384827,-0.1074955612421035,0.3291510045528412,0.4607731699943542,-0.0214901510626077,0.4134714603424072,0.3761820197105407,-0.0619783326983451,0.4700843095779419,0.3249522447586059,-0.0774421393871307,0.5104497075080872,0.2769739031791687,-0.0852172076702117,0.2743852734565735,0.4208658933639526,-0.037684466689825,0.3797861337661743,0.4100709557533264,-0.0983305498957634,0.342673510313034,0.5329878926277161,-0.0993655025959014,0.3016561567783355,0.5591531991958618,-0.0812978520989418,0.2219691574573516,0.4065351188182831,-0.058379303663969,0.3044520914554596,0.4660553336143493,-0.1237091869115829,0.2654795050621032,0.5675179958343506,-0.1059095859527587,0.2246058583259582,0.5682219862937927,-0.0749717876315116,0.1689367145299911,0.411916971206665,-0.0807290449738502,0.2432308495044708,0.4620928466320038,-0.1203006878495216,0.2306450456380844,0.5390034317970276,-0.1028997972607612,0.1982001364231109,0.5426333546638489,-0.0786517262458801,point,RRQ_p4,RRQ
0.1290770024061203,0.8093104958534241,-7.884813157943428e-08,0.1278613358736038,0.6549797058105469,0.0383857563138008,0.1725366413593292,0.5347985625267029,0.0407597683370113,0.2371658235788345,0.4806236028671264,0.0335998870432376,0.2946038544178009,0.4666411280632019,0.0247887279838323,0.1807035505771637,0.4371256530284881,-0.0015492775710299,0.2849321365356445,0.3353039026260376,-0.0060571199283003,0.3388167321681976,0.2888479828834533,-0.0039806021377444,0.3780850768089294,0.249476820230484,-0.0035115357022732,0.2178931385278701,0.4792152047157287,-0.0292457286268472,0.3420266807079315,0.463029533624649,-0.0304833259433507,0.3269974291324615,0.5209195017814636,-0.0177272111177444,0.2920207977294922,0.5428482890129089,-0.0091619761660695,0.2607525289058685,0.5472438931465149,-0.0512461550533771,0.3525017499923706,0.5516369938850403,-0.0436086393892765,0.3284360766410827,0.600231409072876,-0.0205991752445697,0.2939640283584595,0.6155246496200562,-0.00919796153903,0.2984530031681061,0.6213841438293457,-0.0709214657545089,0.3642604947090149,0.6199604868888855,-0.0489353984594345,0.3392536044120788,0.6639183163642883,-0.0197586081922054,0.3073491156101227,0.6818210482597351,-0.0012946701608598,point,RRQ_p4,RRQ
0.1742792725563049,0.6223720908164978,2.423956857455778e-07,0.2604047060012817,0.6224923133850098,-0.0265401117503643,0.3647861778736114,0.5726819038391113,-0.0414474457502365,0.4281807541847229,0.4989824295043945,-0.0584919862449169,0.4190259575843811,0.4165351688861847,-0.0746924504637718,0.3770646750926971,0.4501944780349731,-0.001721168286167,0.4483802020549774,0.4048486948013305,-0.0317977108061313,0.5024765729904175,0.3839639127254486,-0.0443349592387676,0.5458431839942932,0.3607839345932007,-0.0505582243204116,0.3360732793807983,0.4045231938362121,-0.0093179978430271,0.4190167784690857,0.3616958260536194,-0.0592961758375167,0.37343430519104,0.4607140719890594,-0.062714897096157,0.3383377492427826,0.486755907535553,-0.0466422997415065,0.2900283336639404,0.3739213943481445,-0.0226855706423521,0.3561706244945526,0.3769032061100006,-0.086740143597126,0.311238169670105,0.4771669209003448,-0.0750963762402534,0.2763926684856415,0.483744204044342,-0.0464636273682117,0.2359454333782196,0.3501203060150146,-0.0368633605539798,0.3020550608634949,0.3669843971729278,-0.0795058384537696,0.2770074009895324,0.4425549805164337,-0.0664996728301048,0.2449279874563217,0.4460364878177643,-0.0454876795411109,point,RRQ_p4,RRQ
0.7732874155044556,0.6491444706916809,-1.292949036724167e-07,0.7125816345214844,0.6086915135383606,-0.0383683145046234,0.6580387353897095,0.5160672664642334,-0.0660747811198234,0.6448462605476379,0.4231510460376739,-0.0960608497262001,0.6904850006103516,0.3699533343315124,-0.1232616379857063,0.6797813773155212,0.3440524041652679,-0.0256288386881351,0.6760966777801514,0.2324185222387313,-0.0714286565780639,0.6790813207626343,0.1608301848173141,-0.0945544093847274,0.6929727792739868,0.0952462553977966,-0.1089864075183868,0.7385378479957581,0.3467216491699219,-0.0320208519697189,0.7307440042495728,0.3059685528278351,-0.0913580656051635,0.7130684852600098,0.418069988489151,-0.0916076973080635,0.7160403728485107,0.4424323141574859,-0.0752586647868156,0.7955113053321838,0.3717992901802063,-0.0467319190502166,0.7822081446647644,0.3728341460227966,-0.1016203761100769,0.7574895620346069,0.4723125696182251,-0.0773803293704986,0.7608594298362732,0.4788070321083069,-0.0457337461411953,0.8478527069091797,0.4150038659572601,-0.0665651559829711,0.8292919397354126,0.4171142876148224,-0.0929828733205795,0.8050804734230042,0.484565258026123,-0.0728174000978469,0.8078060150146484,0.4910901188850403,-0.0498334132134914,point,RRQ_p4,RRQ
0.6774324178695679,0.4941979348659515,-6.214963121919936e-08,0.6303722858428955,0.5080617666244507,-0.0294206216931343,0.5680630207061768,0.494211345911026,-0.0442974977195262,0.530582070350647,0.4412531554698944,-0.0593533217906951,0.5225734114646912,0.3817860782146454,-0.0712656378746032,0.5188426971435547,0.4307179450988769,-0.0093017360195517,0.4731612801551819,0.3910115361213684,-0.0386142171919345,0.4469528198242187,0.3661722242832184,-0.0493950620293617,0.4244808554649353,0.3305623233318329,-0.0540807731449604,0.5488305687904358,0.3947752118110657,-0.0098325945436954,0.5138564705848694,0.3646960854530334,-0.0462338961660862,0.5506024956703186,0.4228918552398681,-0.0421470068395137,0.5558596849441528,0.4245609045028686,-0.0267153084278106,0.5832233428955078,0.365873634815216,-0.0176140591502189,0.5630870461463928,0.3522818088531494,-0.0572475045919418,0.5948696136474609,0.4135820567607879,-0.0420387797057628,0.5965109467506409,0.4117749333381653,-0.0191790368407964,0.618915855884552,0.3433568775653839,-0.0286345072090625,0.6013556718826294,0.3366841077804565,-0.0494178012013435,0.6196842789649963,0.3840908110141754,-0.0373995713889598,0.6244807243347168,0.3893516063690185,-0.0218800064176321,point,RRQ_p4,RRQ
0.1932508051395416,0.5611036419868469,1.8715465444074653e-07,0.2905535697937011,0.5516268610954285,-0.0377480238676071,0.3867536187171936,0.5106463432312012,-0.0758641883730888,0.4538785815238952,0.4481614232063293,-0.1172698512673378,0.4510699510574341,0.3717719912528991,-0.1556672155857086,0.4283843636512756,0.3114003241062164,-0.0497008636593818,0.5086826086044312,0.2034608125686645,-0.0999388918280601,0.5641591548919678,0.1344611346721649,-0.1218697950243949,0.6011021733283997,0.0685482025146484,-0.1351179629564285,0.3666736781597137,0.2576590776443481,-0.0620219483971595,0.439240425825119,0.2668887376785278,-0.1334912627935409,0.3947029411792755,0.3921991288661957,-0.1366495043039322,0.361505776643753,0.4172865748405456,-0.1198552846908569,0.3052068054676056,0.2404390275478363,-0.0792888551950454,0.3512069284915924,0.3264097571372986,-0.1516729593276977,0.3108296692371368,0.4274784922599792,-0.1324177235364914,0.2818458676338196,0.4222464561462402,-0.1003960594534874,0.2456099092960357,0.2458000928163528,-0.1001837700605392,0.2895121574401855,0.3281457126140594,-0.1425211578607559,0.2724900841712951,0.3998612761497497,-0.1255569905042648,0.2462842762470245,0.3875578939914703,-0.1015269607305526,point,RRQ_p4,RRQ
0.1525417864322662,0.8514987230300903,1.118159431712229e-07,0.2420059293508529,0.7997187376022339,-0.0319256857037544,0.3198344111442566,0.7279304265975952,-0.0712552815675735,0.351187527179718,0.6612496376037598,-0.1137988045811653,0.3080913424491882,0.632343590259552,-0.1535801738500595,0.2709101438522339,0.5052571296691895,-0.0646517574787139,0.2914726138114929,0.3618234992027282,-0.120139792561531,0.3058399856090545,0.2701979577541351,-0.1494423747062683,0.3110495209693908,0.1890829205513,-0.1696653664112091,0.1900901645421981,0.490285575389862,-0.0800493210554122,0.2554501891136169,0.5225648283958435,-0.1517454832792282,0.2665853202342987,0.6359174847602844,-0.1631540209054947,0.2546848952770233,0.6650196313858032,-0.1584902256727218,0.1269143223762512,0.5257892608642578,-0.0980999246239662,0.2025885879993438,0.6388194561004639,-0.1594741344451904,0.2083463966846466,0.7162843942642212,-0.1462040990591049,0.1882261931896209,0.7096017599105835,-0.126797467470169,0.0768007040023803,0.5851226449012756,-0.1204215809702873,0.1403201818466186,0.6933053135871887,-0.1565809845924377,0.1541534662246704,0.7453625202178955,-0.1462919563055038,0.1349376142024994,0.7293792963027954,-0.1314620673656463,point,RRQ_p4,RRQ
0.7626729011535645,0.9593595266342164,-1.5790972440754558e-07,0.7135555148124695,0.8918868899345398,-0.0304265543818473,0.6775268912315369,0.7857994437217712,-0.0565226785838604,0.6640212535858154,0.694686770439148,-0.0861288085579872,0.7071119546890259,0.650836169719696,-0.113047569990158,0.7404114603996277,0.6470186114311218,-0.0189169198274612,0.749179482460022,0.5231137275695801,-0.0604708530008792,0.7511870265007019,0.4462258517742157,-0.0771563425660133,0.76267009973526,0.3838718831539154,-0.0873385518789291,0.7949166297912598,0.6669809222221375,-0.0283175315707921,0.7651631832122803,0.5967919230461121,-0.0874828100204467,0.7291014790534973,0.698821485042572,-0.0858899727463722,0.7372276782989502,0.7424225211143494,-0.0660093873739242,0.8401117324829102,0.7105844616889954,-0.044889036566019,0.7865384221076965,0.6947041749954224,-0.0979140177369117,0.7552810907363892,0.781051754951477,-0.0729133859276771,0.7735801935195923,0.7993370890617371,-0.0400085039436817,0.8734569549560547,0.7709901928901672,-0.0655900314450264,0.8135871291160583,0.7727372646331787,-0.090513177216053,0.7903661727905273,0.8284599781036377,-0.071156121790409,0.8113294839859009,0.8396684527397156,-0.0484646894037723,point,RRQ_p4,RRQ
0.8526864647865295,0.9315829873085022,-2.409518913282227e-07,0.7979807257652283,0.8637984991073608,-0.019749779254198,0.7542393803596497,0.7565697431564331,-0.0414788238704204,0.7374361753463745,0.6659933924674988,-0.0692449957132339,0.7672632932662964,0.6039597988128662,-0.0950882807374,0.8033660650253296,0.6266914010047913,-0.0057763084769248,0.7836593985557556,0.5074072480201721,-0.0413535013794899,0.7692233324050903,0.4329852163791656,-0.0530972406268119,0.7686100602149963,0.3700632452964782,-0.0595367588102817,0.8550771474838257,0.6370792388916016,-0.0186216309666633,0.8103810548782349,0.5772358775138855,-0.0703311562538147,0.7918058037757874,0.6764994263648987,-0.0658022239804267,0.8113347291946411,0.7081448435783386,-0.0459643341600894,0.9015271663665771,0.6677129864692688,-0.0379919931292533,0.8407318592071533,0.649906575679779,-0.0869168788194656,0.8258072137832642,0.741703450679779,-0.0610721744596958,0.8517757654190063,0.757951021194458,-0.0293948203325271,0.9401870369911194,0.7149155139923096,-0.0604673437774181,0.8770759105682373,0.7069138288497925,-0.0838242620229721,0.862985372543335,0.7699915766716003,-0.0636698901653289,0.887889564037323,0.7837647199630737,-0.0413942672312259,point,RRQ_p4,RRQ
0.1576293706893921,0.8696373105049133,2.773592484572873e-07,0.2556652724742889,0.806364893913269,-0.031404860317707,0.3422414660453796,0.7202389240264893,-0.0668538510799408,0.3929117321968078,0.6343176364898682,-0.1063793823122978,0.3678199648857116,0.5828531980514526,-0.1442860811948776,0.3031671941280365,0.5003718137741089,-0.0489695519208908,0.3666477799415588,0.358065128326416,-0.0993100777268409,0.4124579429626465,0.2743118405342102,-0.1246523335576057,0.4411676526069641,0.1975567638874054,-0.1405402868986129,0.2259652316570282,0.477809190750122,-0.065989576280117,0.3236129879951477,0.4454201757907867,-0.1398632079362869,0.3220873177051544,0.5826480984687805,-0.1508255898952484,0.2914408445358276,0.6399450302124023,-0.1394664198160171,0.1585122644901275,0.4962624907493591,-0.0864166021347045,0.2504046559333801,0.5613929033279419,-0.1544427424669265,0.2391372621059417,0.6617394685745239,-0.1412751674652099,0.2029679864645004,0.6762173175811768,-0.1147169023752212,0.0970135331153869,0.5432692170143127,-0.1102764308452606,0.1630164980888366,0.5886826515197754,-0.1490917056798935,0.1860623359680175,0.6466329097747803,-0.1354133337736129,0.1786669790744781,0.6525452136993408,-0.1144575998187065,point,RRQ_p4,RRQ
0.2493664324283599,0.7991793751716614,1.555842459310952e-07,0.3513922691345215,0.7154239416122437,-0.016797050833702,0.4155759215354919,0.6251490116119385,-0.0507856383919715,0.4519075155258178,0.5539677739143372,-0.0923097804188728,0.4484427273273468,0.5370745062828064,-0.1332146376371383,0.3353468179702759,0.4423704147338867,-0.0496297515928745,0.3599918484687805,0.3062428832054138,-0.0987246260046958,0.3757369816303253,0.2143526673316955,-0.1262824833393097,0.3807000815868377,0.1376947164535522,-0.1456431448459625,0.270806074142456,0.4499132037162781,-0.0726950541138649,0.3790865242481231,0.4558562934398651,-0.1390530318021774,0.3926824331283569,0.5517188906669617,-0.1496722102165222,0.3679591119289398,0.5856896638870239,-0.145566388964653,0.2274691015481948,0.493549108505249,-0.0974338576197624,0.346608817577362,0.5537030100822449,-0.1551392525434494,0.3441523611545563,0.6303564310073853,-0.1426223516464233,0.3110683262348175,0.6419398784637451,-0.1236957609653472,0.199077159166336,0.5553390383720398,-0.1252825558185577,0.2999635636806488,0.6156758666038513,-0.1570245325565338,0.3100483119487762,0.6643598079681396,-0.1456967443227768,0.2875038981437683,0.6672124862670898,-0.1309348046779632,point,RRQ_p4,RRQ
0.772759199142456,0.8010176420211792,-7.423101919812325e-07,0.7203016877174377,0.6968042254447937,-0.0088518504053354,0.7059621810913086,0.5569031238555908,-0.0215853694826364,0.686339795589447,0.4556050300598144,-0.0427819192409515,0.6566808223724365,0.369195282459259,-0.0617015622556209,0.8080647587776184,0.4720458686351776,0.0340499021112918,0.7705125212669373,0.4026795327663421,-0.0045996624976396,0.720765233039856,0.3571446537971496,-0.0235212557017803,0.6807628273963928,0.3247655034065246,-0.0329840816557407,0.8558212518692017,0.4814851880073547,0.0150069054216146,0.7836596965789795,0.3924312591552734,-0.0287713930010795,0.7394441366195679,0.4983407258987427,-0.0266805943101644,0.7659083604812622,0.5352963805198669,-0.0103687802329659,0.8970266580581665,0.5147061944007874,-0.0136159490793943,0.8049759864807129,0.4561971127986908,-0.0607647113502025,0.7698773741722107,0.558903157711029,-0.0386569537222385,0.8027430772781372,0.5889840722084045,-0.0108043467625975,0.9258763790130616,0.5620236396789551,-0.0448403768241405,0.8356719613075256,0.5139598250389099,-0.0715133249759674,0.8083084225654602,0.5786975026130676,-0.0555962696671485,0.8384703993797302,0.6067766547203064,-0.0371001102030277,pinch,RRQ_p4,RRQ
0.7350799441337585,0.7708405256271362,-5.145556087882142e-07,0.6846042275428772,0.6977129578590393,-0.0063961218111217,0.6540886163711548,0.5659489631652832,-0.0139569789171218,0.638504147529602,0.4690344929695129,-0.0299818105995655,0.6128612756729126,0.3934077620506286,-0.045488741248846,0.71494460105896,0.4824044108390808,0.0325891636312007,0.6924503445625305,0.4156948924064636,0.001715604099445,0.6547130346298218,0.3764746189117431,-0.0082044042646884,0.6287620663642883,0.3444425761699676,-0.0111675672233104,0.7581220865249634,0.4884576797485351,0.016285266727209,0.7127171158790588,0.411030113697052,-0.0209770184010267,0.6841611266136169,0.5156593918800354,-0.0123724723234772,0.710319995880127,0.5403181314468384,0.0092291142791509,0.8000020384788513,0.5143893361091614,-0.0087059205397963,0.7442156672477722,0.4587182402610779,-0.0519723743200302,0.7191711068153381,0.558471143245697,-0.028315981850028,0.748699963092804,0.579125165939331,0.0014010822633281,0.8378000259399414,0.550571858882904,-0.035379271954298,0.7787632346153259,0.5093145370483398,-0.0584256649017334,0.7564818859100342,0.5723196268081665,-0.0411748439073562,0.7823677062988281,0.5938753485679626,-0.0217262133955955,pinch,RRQ_p4,RRQ
0.7724369168281555,0.840855598449707,-6.904268161633809e-07,0.7021445631980896,0.7568377256393433,-0.013242837972939,0.6571669578552246,0.6197107434272766,-0.0233535803854465,0.6246033310890198,0.5218736529350281,-0.0415418408811092,0.579333484172821,0.4465105831623077,-0.0595521442592144,0.7255660891532898,0.4987613558769226,0.0205543749034404,0.6811157464981079,0.4146417379379272,-0.0295457169413566,0.6234618425369263,0.4008210897445678,-0.0695954859256744,0.5710441470146179,0.4053065180778503,-0.0903975740075111,0.7733450531959534,0.4922584295272827,0.0029196941759437,0.7289464473724365,0.3693411946296692,-0.0489243455231189,0.6595401167869568,0.3811762630939483,-0.0756585076451301,0.6091139316558838,0.4100373685359955,-0.0816867724061012,0.8200650215148926,0.5146856307983398,-0.022467179223895,0.7458520531654358,0.424532413482666,-0.0816123038530349,0.6983782052993774,0.5267637968063354,-0.081574372947216,0.686306893825531,0.6120309829711914,-0.0623625740408897,0.8614502549171448,0.5631096363067627,-0.0496477782726287,0.7826569676399231,0.5059980154037476,-0.0899609997868537,0.7368960380554199,0.5694195628166199,-0.0841870084404945,0.7243294715881348,0.6301746964454651,-0.068009614944458,pinch,RRQ_p4,RRQ
0.2079118639230728,0.6456522941589355,8.81380174178048e-07,0.2966583371162414,0.5753139853477478,0.003177590901032,0.3521062731742859,0.4678030610084533,-0.0015727685531601,0.4009527564048767,0.3908023834228515,-0.0181071311235427,0.4499532580375671,0.3269361555576324,-0.0344029478728771,0.2938865125179291,0.3608220219612121,0.0353852547705173,0.3724533319473266,0.3204948902130127,0.0003719934902619,0.4397874474525451,0.3193758130073547,-0.0296811498701572,0.4959197044372558,0.3233914375305176,-0.0478355921804904,0.2576730847358703,0.3331041932106018,0.0109456470236182,0.3469535410404205,0.2548312544822693,-0.035366378724575,0.4235892295837402,0.2612038850784302,-0.0618717372417449,0.4837516546249389,0.2822042107582092,-0.0713547468185424,0.2182329297065735,0.3221007883548736,-0.0191395655274391,0.3260456919670105,0.2772015631198883,-0.0805858969688415,0.3390280604362488,0.3865723609924316,-0.0847980454564094,0.3329212367534637,0.4744701087474823,-0.069050446152687,0.1812726259231567,0.3273783922195434,-0.0491645112633705,0.2856636345386505,0.3018221259117126,-0.097569428384304,0.3174871206283569,0.3824556767940521,-0.0954300165176391,0.3278034329414367,0.4524433016777038,-0.0806024968624115,pinch,RRQ_p4,RRQ
0.2194559127092361,0.7506592869758606,1.2392506221203805e-07,0.3179246783256531,0.6410219669342041,0.0008232847321778,0.3665192127227783,0.5120362639427185,-0.0145351383835077,0.4138094186782837,0.4283429384231567,-0.0403338521718978,0.4687362313270569,0.3630284667015075,-0.0641732215881347,0.242836594581604,0.3719339966773987,0.0194142255932092,0.3424786329269409,0.3126554489135742,-0.0241366233676671,0.4193434715270996,0.3088361620903015,-0.0534966215491294,0.4760953783988952,0.3119480609893799,-0.0708086267113685,0.2046904414892196,0.3735259771347046,-0.0062738968990743,0.347428947687149,0.3320489525794983,-0.0574674941599369,0.3464764058589935,0.4460777640342712,-0.0676677227020263,0.3080317676067352,0.4825244545936584,-0.0618246309459209,0.1894266605377197,0.4012187123298645,-0.0376007072627544,0.3371819257736206,0.408857524394989,-0.0864833816885948,0.3280009627342224,0.5120440125465393,-0.0766462311148643,0.2878945171833038,0.5282534956932068,-0.0572171136736869,0.1879442483186721,0.4448939263820648,-0.0704943537712097,0.3055052459239959,0.4566364288330078,-0.093921847641468,0.3042319118976593,0.523898720741272,-0.0806579440832138,0.2700388431549072,0.5349497199058533,-0.0642180293798446,pinch,RRQ_p4,RRQ
0.2205029875040054,0.7201982736587524,2.245155457103465e-07,0.3159013390541076,0.6791813373565674,-0.0156244859099388,0.4033853411674499,0.5616616010665894,-0.0266959685832262,0.4711318612098694,0.4840669631958008,-0.0441365987062454,0.5384717583656311,0.4305950403213501,-0.0585689693689346,0.3766196072101593,0.4254758954048157,0.0229724571108818,0.4352677762508392,0.3839678466320038,-0.0145921669900417,0.4900566935539245,0.3787029683589935,-0.0298186596482992,0.5359965562820435,0.3746085166931152,-0.0355266332626342,0.3252897262573242,0.3966044187545776,0.0090802628546953,0.422754168510437,0.3443999290466308,-0.0404652021825313,0.3948829770088196,0.4672866761684418,-0.0412231758236885,0.3629625141620636,0.4763073027133941,-0.0233295746147632,0.2773194015026092,0.3861750960350036,-0.0133110228925943,0.3701762557029724,0.3811357021331787,-0.0807152912020683,0.3437588214874267,0.5043025016784668,-0.0667784586548805,0.3012279868125915,0.499492734670639,-0.0357997640967369,0.2252363860607147,0.3903782367706299,-0.0358645282685756,0.315633475780487,0.3964969515800476,-0.0781073346734047,0.309402197599411,0.4840170443058014,-0.0621364079415798,0.267192006111145,0.4858853816986084,-0.0381816402077674,pinch,RRQ_p4,RRQ
0.7954844832420349,0.7900133728981018,-6.973138511057186e-07,0.7426072359085083,0.6998497247695923,-0.0152172427624464,0.7276785969734192,0.5659303069114685,-0.0319376289844512,0.7135418057441711,0.4659342765808105,-0.0552440769970417,0.691197395324707,0.376835823059082,-0.0749966353178024,0.829565167427063,0.4687865376472473,0.0219620913267135,0.7969634532928467,0.3884341716766357,-0.0208558775484561,0.7479364275932312,0.3440883755683899,-0.04098392277956,0.7055523991584778,0.3232196867465973,-0.0491409413516521,0.8772515058517456,0.4780752956867218,0.0072047095745801,0.8041983842849731,0.3908505439758301,-0.0364165715873241,0.7594764828681946,0.4913572072982788,-0.032935943454504,0.7806158661842346,0.5281010866165161,-0.0156511757522821,0.9142034649848938,0.5106277465820312,-0.0175003781914711,0.8194122910499573,0.4544163942337036,-0.0630451440811157,0.785370945930481,0.5542870759963989,-0.040706567466259,0.8142544031143188,0.5859358310699463,-0.0131951924413442,0.9350149035453796,0.5561529994010925,-0.0456308536231517,0.8413146734237671,0.5233272910118103,-0.0729326531291008,0.8169406056404114,0.5849393606185913,-0.0600814670324325,0.8455681800842285,0.6092514395713806,-0.0434299856424331,pinch,RRQ_p4,RRQ
0.7247442007064819,0.8454638719558716,-5.748178182329866e-07,0.6602564454078674,0.7824280261993408,-0.0155234057456254,0.6163605451583862,0.6489518284797668,-0.0256942752748727,0.587594747543335,0.5503687858581543,-0.0426391474902629,0.5504335165023804,0.4775329828262329,-0.0573462769389152,0.6639854311943054,0.5310864448547363,0.0252869464457035,0.631927490234375,0.4632219970226288,-0.0133332377299666,0.5871861577033997,0.4421612620353699,-0.028447100892663,0.5548991560935974,0.4247428774833679,-0.0332704819738864,0.7097378373146057,0.5252156853675842,0.0107110980898141,0.6593693494796753,0.4493978023529053,-0.0316699557006359,0.6366117000579834,0.5600574016571045,-0.0258529167622327,0.6597636342048645,0.5799881219863892,-0.0053745592013001,0.7574285864830017,0.5453805327415466,-0.0136930858716368,0.6966259479522705,0.5035227537155151,-0.0636422038078308,0.6785017848014832,0.6148965358734131,-0.039072535932064,0.7066758275032043,0.6312117576599121,-0.0069341687485575,0.8015567660331726,0.5821965336799622,-0.0407958067953586,0.739892840385437,0.5591535568237305,-0.0683156922459602,0.7210637927055359,0.6313638687133789,-0.0494095683097839,0.7460948824882507,0.6474140286445618,-0.0274123884737491,pinch,RRQ_p4,RRQ
0.7807372808456421,0.6240513324737549,-4.1543702877788746e-07,0.7308550477027893,0.5191625952720642,-0.0195488575845956,0.7271896004676819,0.382948487997055,-0.0341931954026222,0.7322282791137695,0.2791259884834289,-0.0546490028500556,0.7415231466293335,0.1842029094696045,-0.0722873955965042,0.8032047152519226,0.302650511264801,0.0253211129456758,0.7904138565063477,0.2229572534561157,-0.0083995638415217,0.7659734487533569,0.1914553642272949,-0.0177136082202196,0.7619399428367615,0.16228649020195,-0.018708873540163,0.853445291519165,0.3309677243232727,0.0156769976019859,0.8256219029426575,0.2495326846837997,-0.0264801736921072,0.774648129940033,0.3424246311187744,-0.0208401568233966,0.7949265837669373,0.3718074262142181,0.0001606162986718,0.8948855400085449,0.3772946894168854,-0.0037796085234731,0.8537142872810364,0.3103595972061157,-0.0506228357553482,0.804474413394928,0.399912029504776,-0.0302349906414747,0.828385591506958,0.4299297630786896,-0.0009838724508881,0.9285634160041808,0.432320237159729,-0.0257407836616039,0.8771413564682007,0.3834720253944397,-0.0500539094209671,0.8405690789222717,0.435206264257431,-0.0362324342131614,0.8614906668663025,0.4628364145755768,-0.0177243128418922,pinch,RRQ_p4,RRQ
0.7977211475372314,0.7122769355773926,-7.71027373502875e-07,0.7305673956871033,0.5660385489463806,-0.003251444781199,0.7221740484237671,0.4442363083362579,-0.0240952186286449,0.7121398448944092,0.3544398546218872,-0.0507934316992759,0.6916561722755432,0.2640959620475769,-0.0741568952798843,0.9014808535575868,0.3859401941299438,0.005727753508836,0.8254877924919128,0.2878956794738769,-0.0317581817507743,0.7650649547576904,0.2509098649024963,-0.0622922144830226,0.7144739031791687,0.2311185449361801,-0.0831406861543655,0.9290146827697754,0.406373381614685,-0.0149662774056196,0.803503692150116,0.3058926165103912,-0.0482038669288158,0.7711465358734131,0.386854887008667,-0.0526598878204822,0.7925666570663452,0.4333643913269043,-0.0536656081676483,0.929039478302002,0.4373315870761871,-0.0413606688380241,0.7891156673431396,0.3514895439147949,-0.0654611736536026,0.7670392990112305,0.4318077862262726,-0.0454798191785812,0.7964615225791931,0.4702191352844238,-0.0336927697062492,0.9043782949447632,0.4714975953102112,-0.0715649276971817,0.7819172143936157,0.4168782532215118,-0.0912762880325317,0.7645664811134338,0.4732223749160766,-0.0826535522937774,0.7899396419525146,0.5040811896324158,-0.0754279419779777,pinch,RRQ_p4,RRQ
0.2259334921836853,0.8093065619468689,1.4266554160258238e-07,0.3098063170909881,0.6959428787231445,-0.0083518056198954,0.3535490930080414,0.5467281341552734,-0.0252969842404127,0.3797374963760376,0.4367842972278595,-0.0513498373329639,0.4046187996864319,0.3385742604732513,-0.0753489881753921,0.2346594631671905,0.3971078395843506,0.0118208406493067,0.3177762329578399,0.3133581280708313,-0.0391874611377716,0.3803678154945373,0.2818755805492401,-0.0695979222655296,0.4299002587795257,0.2677162289619446,-0.0850052386522293,0.175370305776596,0.4053371548652649,-0.0105988904833793,0.3038167357444763,0.3421080112457275,-0.0736014023423194,0.3232159912586212,0.4688975811004638,-0.0847367942333221,0.3026128113269806,0.5232057571411133,-0.0745034515857696,0.137277603149414,0.4403877556324005,-0.0397680066525936,0.2794839441776275,0.4325842559337616,-0.1043660193681716,0.2827468514442444,0.5550218224525452,-0.0936493352055549,0.2477926611900329,0.5907679796218872,-0.0676266327500343,0.1139164716005325,0.4932190477848053,-0.0704643800854682,0.2346016317605972,0.4890574812889099,-0.1070649102330207,0.2466864734888076,0.5660167932510376,-0.0945973992347717,0.2170410752296447,0.5888750553131104,-0.0740173086524009,pinch,RRQ_p4,RRQ
0.2381490916013717,0.8109457492828369,1.301823147059622e-07,0.3223163187503814,0.6945833563804626,-0.0026487330906093,0.3666253089904785,0.5497956871986389,-0.0184569135308265,0.3948661684989929,0.4421765804290771,-0.0447607673704624,0.4171614646911621,0.3456684648990631,-0.0698290020227432,0.2445825487375259,0.4077095985412597,0.0166656170040369,0.3286375403404236,0.3263632655143738,-0.0312749966979026,0.3923296332359314,0.2953110039234161,-0.0595986656844615,0.4416375160217285,0.2774615287780761,-0.0741492807865142,0.1877944320440292,0.4171444177627563,-0.0089697940275073,0.3182848989963531,0.3533268272876739,-0.0667456611990928,0.3348194360733032,0.4765776693820953,-0.0757984668016433,0.3084650635719299,0.521887481212616,-0.0657202303409576,0.1531554758548736,0.4511412382125854,-0.0409328937530517,0.2957320213317871,0.4448540508747101,-0.1014498770236969,0.2991662919521332,0.5619232654571533,-0.0899125784635543,0.2622758448123932,0.590325117111206,-0.0651347786188125,0.1335288733243942,0.5019997358322144,-0.0739840492606163,0.2540138959884643,0.4964988529682159,-0.1075655594468116,0.2658936381340027,0.5752056837081909,-0.0935036912560463,0.2345856726169586,0.5992723107337952,-0.0730979442596435,pinch,RRQ_p4,RRQ
0.2300804257392883,0.7993612885475159,2.095996620710139e-07,0.3236526548862457,0.7166715264320374,-0.0177565198391675,0.3914337754249573,0.585449755191803,-0.0406862311065197,0.4326165318489074,0.4810613095760345,-0.0700678303837776,0.4850304722785949,0.3950671553611755,-0.0974408909678459,0.301537275314331,0.4031589329242706,-0.0028764135204255,0.3951005041599273,0.347197562456131,-0.056906409561634,0.4634448587894439,0.3349223732948303,-0.0866342261433601,0.516559362411499,0.3241557776927948,-0.1016610562801361,0.2355854362249374,0.3942189514636993,-0.021424425765872,0.3704815208911896,0.3672810196876526,-0.0861612930893898,0.3664877414703369,0.5044236779212952,-0.0940812528133392,0.3299964070320129,0.5410929322242737,-0.0810411050915718,0.187659353017807,0.4219508767127991,-0.0469135791063308,0.3238379955291748,0.459772527217865,-0.116802766919136,0.3108085393905639,0.5805338621139526,-0.1047378480434417,0.2699156701564789,0.5932679772377014,-0.076825276017189,0.1522771716117859,0.4713045358657837,-0.0738901942968368,0.2680812776088714,0.5027217864990234,-0.113883227109909,0.2725090086460113,0.5882235765457153,-0.0987293571233749,0.240213930606842,0.6020295023918152,-0.0754888653755188,pinch,RRQ_p4,RRQ
0.2858122587203979,0.5954064130783081,1.352220095895973e-07,0.3847633302211761,0.5526703596115112,-0.0369165241718292,0.4589961767196655,0.4683822393417358,-0.0711879208683967,0.5080503225326538,0.3909951150417328,-0.10760348290205,0.5690675377845764,0.3386953473091125,-0.1393474787473678,0.4389963746070862,0.2541179656982422,-0.0274186562746763,0.4999634325504303,0.23008494079113,-0.088932879269123,0.549551248550415,0.2549571990966797,-0.1204964742064476,0.5861196517944336,0.2822605967521667,-0.1347017586231231,0.3689520955085754,0.2158676385879516,-0.0368064567446708,0.457877367734909,0.2434928119182586,-0.0996023863554,0.4361356198787689,0.3712401688098907,-0.106134220957756,0.4064301252365112,0.3844201564788818,-0.0933432653546333,0.3047826290130615,0.2248072177171707,-0.0547900609672069,0.3845585286617279,0.3230732083320617,-0.121840663254261,0.3642818629741668,0.4253459572792053,-0.1098918914794921,0.3353466391563415,0.4130958318710327,-0.083989217877388,0.2458358705043792,0.260320782661438,-0.0762667953968048,0.3129938840866089,0.3506616652011871,-0.116290308535099,0.3111272752285003,0.4275637865066528,-0.1029898822307586,0.2870258390903473,0.416881263256073,-0.0810733437538147,pinch,RRQ_p4,RRQ
0.7898469567298889,0.7882204055786133,-6.304294402070809e-07,0.718621015548706,0.7035437226295471,-0.0226580314338207,0.6649245619773865,0.5244922041893005,-0.0385271944105625,0.6317856311798096,0.3983719944953918,-0.0632096007466316,0.5986189246177673,0.2940547466278076,-0.0836525559425354,0.7470779418945312,0.3905989527702331,0.0363023653626441,0.7240174412727356,0.3133427202701568,-0.0088256821036338,0.6825041770935059,0.2818600237369537,-0.0220135636627674,0.6545653343200684,0.254466563463211,-0.024366183206439,0.8098984956741333,0.3990689516067505,0.0196333974599838,0.7506085634231567,0.3095691800117492,-0.0295769721269607,0.7129988670349121,0.4534589350223541,-0.0141342645511031,0.746882438659668,0.4751445651054382,0.0170780885964632,0.873458743095398,0.4358347058296203,-0.0112109305337071,0.8051952719688416,0.3765697777271271,-0.069035992026329,0.7696260213851929,0.5130879282951355,-0.0324922353029251,0.8040304780006409,0.5329504609107971,0.010378798469901,0.9327991008758544,0.4886621832847595,-0.0460995025932788,0.8673985600471497,0.4416860044002533,-0.0755526646971702,0.834916889667511,0.5272018909454346,-0.0493782758712768,0.8642188906669617,0.5514922142028809,-0.0211210269480943,pinch,RRQ_p4,RRQ
0.7111108899116516,0.7024511098861694,-8.153784278874809e-07,0.6362734436988831,0.6521903872489929,-0.0402462296187877,0.5764942765235901,0.5364475250244141,-0.056502528488636,0.5635221004486084,0.4401189088821411,-0.073183000087738,0.609492838382721,0.389576256275177,-0.0792051926255226,0.620945155620575,0.3823364973068237,-0.0001554335613036,0.5908628702163696,0.3286678791046142,-0.0490681119263172,0.5858107209205627,0.4299718141555786,-0.0664667412638664,0.5999780893325806,0.4493131041526794,-0.0717313513159751,0.6783382296562195,0.3873982429504394,-0.0020375736057758,0.6490057706832886,0.3529231548309326,-0.0531825050711631,0.6331743597984314,0.4761364758014679,-0.0501588359475135,0.6518415212631226,0.4766034185886383,-0.033153086900711,0.733069896697998,0.4148300290107727,-0.0165489763021469,0.7008005380630493,0.395059585571289,-0.0697663724422454,0.6789250373840332,0.5116829872131348,-0.0464047230780124,0.697322428226471,0.5116418600082397,-0.0155350174754858,0.7856695652008057,0.4553123116493225,-0.0359753780066967,0.7477412223815918,0.4464620947837829,-0.060261134058237,0.7252443432807922,0.5208054780960083,-0.042621687054634,0.739362895488739,0.5254571437835693,-0.0216262191534042,fist,RRQ_p4,RRQ
0.7178049087524414,0.7040032148361206,-7.767188776597322e-07,0.6468808650970459,0.6522441506385803,-0.0399402752518653,0.5847312808036804,0.5392286777496338,-0.0568339079618454,0.5660333633422852,0.4453741312026977,-0.0740735679864883,0.6137048006057739,0.3948199152946472,-0.0803660228848457,0.6271547675132751,0.3867755532264709,-0.0017549722688272,0.5975832939147949,0.3341557383537292,-0.0501309596002101,0.594853937625885,0.4345585405826568,-0.0675708055496215,0.6103873252868652,0.4517909586429596,-0.0737156718969345,0.6847034096717834,0.3891298770904541,-0.0039328653365373,0.6556065678596497,0.3581270277500152,-0.0556000396609306,0.6416689157485962,0.4792998433113098,-0.0532586239278316,0.6604589223861694,0.4793382287025451,-0.0371232479810714,0.7400095462799072,0.4156369566917419,-0.0185146145522594,0.7086144685745239,0.4010283648967743,-0.0702950805425643,0.6875229477882385,0.512657642364502,-0.0480138808488845,0.7051855325698853,0.5099039077758789,-0.0187422093003988,0.7932655811309814,0.4554653465747833,-0.0381390266120433,0.7568137645721436,0.4540207684040069,-0.0616094321012496,0.7350430488586426,0.5229547023773193,-0.0459838435053825,0.7484506964683533,0.5234805941581726,-0.0271235704421997,fist,RRQ_p4,RRQ
0.8211237788200378,0.5232149362564087,-7.340046863646421e-07,0.7533395886421204,0.4608250856399536,-0.0431362427771091,0.7061594128608704,0.3405981063842773,-0.0595391690731048,0.7048301100730896,0.2335905879735946,-0.0761058703064918,0.7541252374649048,0.179748386144638,-0.0815067514777183,0.7338217496871948,0.2051304578781128,0.0050449888221919,0.7309483885765076,0.1250208914279937,-0.0468537099659442,0.7254244685173035,0.223702073097229,-0.0671102777123451,0.7345522046089172,0.2501038610935211,-0.0729293823242187,0.7931563854217529,0.2140490263700485,0.0048775323666632,0.7932440638542175,0.1463208794593811,-0.0499444901943206,0.7714102864265442,0.2695271074771881,-0.0518467910587787,0.7783306241035461,0.2756818830966949,-0.036140538752079,0.8491060733795166,0.2413844764232635,-0.0084271989762783,0.8487654328346252,0.1898328959941864,-0.0638747215270996,0.8176917433738708,0.3044950366020202,-0.0447927750647068,0.8215384483337402,0.3097752630710602,-0.015089395456016,0.9036478996276855,0.2808527052402496,-0.0266502927988767,0.8924888968467712,0.2513263523578644,-0.0523683428764343,0.8636833429336548,0.3247364163398742,-0.0360972099006176,0.8643192052841187,0.3341187834739685,-0.0149443708360195,fist,RRQ_p4,RRQ
0.7982758283615112,0.752724826335907,-7.086658229127352e-07,0.7400075197219849,0.6945488452911377,-0.025627801194787,0.6900403499603271,0.5823186039924622,-0.0352282337844371,0.6718724370002747,0.493328332901001,-0.0474793761968612,0.7155457139015198,0.460186630487442,-0.0505736134946346,0.7327413558959961,0.4710032343864441,0.0100193433463573,0.7078139185905457,0.406411349773407,-0.0299705322831869,0.7022879123687744,0.4930132031440735,-0.0421481989324092,0.7164865732192993,0.510828971862793,-0.0445507317781448,0.7803065180778503,0.4784544706344604,0.0049752295017242,0.7545791268348694,0.4279567301273346,-0.038984902203083,0.7416501045227051,0.5340219140052795,-0.0348111651837825,0.7600224614143372,0.536949872970581,-0.0176181253045797,0.8269773125648499,0.5019428730010986,-0.010295832529664,0.7965533137321472,0.4658413231372833,-0.0554407127201557,0.7792162299156189,0.5647771954536438,-0.034733809530735,0.7977518439292908,0.5672168135643005,-0.0065229884348809,0.8719860315322876,0.5352367758750916,-0.0289168842136859,0.8371778130531311,0.5117830038070679,-0.0482608526945114,0.817043125629425,0.574495255947113,-0.0323504954576492,0.8300507068634033,0.5822904109954834,-0.0133423302322626,fist,RRQ_p4,RRQ
0.8156718015670776,0.7616788148880005,-6.153749154691468e-07,0.7358227372169495,0.6641939282417297,-0.0149729587137699,0.7037101984024048,0.5610345602035522,-0.0328818336129188,0.6840128302574158,0.4861922860145569,-0.0533911362290382,0.7017360925674438,0.4554989337921142,-0.0662464052438736,0.8392500877380371,0.4515235424041748,0.0003936096909455,0.7454373836517334,0.4028050899505615,-0.0354681313037872,0.7339507341384888,0.4793865084648132,-0.0574582666158676,0.7586649656295776,0.5055564641952515,-0.0708068087697029,0.8665778040885925,0.4687947332859039,-0.0098748989403247,0.74738609790802,0.428683876991272,-0.0470169074833393,0.7388021945953369,0.5078653693199158,-0.0509044341742992,0.772922158241272,0.526178240776062,-0.0474553294479846,0.874322772026062,0.5034927129745483,-0.0263511221855878,0.7541348338127136,0.4705743193626404,-0.0591346696019172,0.7446279525756836,0.5433152914047241,-0.0452174991369247,0.7784131765365601,0.5606355667114258,-0.0301443058997392,0.8622849583625793,0.5463740825653076,-0.0460484139621257,0.7589380741119385,0.5345842838287354,-0.0674903839826583,0.754490077495575,0.5824822187423706,-0.0626115128397941,0.7864059805870056,0.5991225838661194,-0.0537954904139041,fist,RRQ_p4,RRQ
0.2641535401344299,0.5657930970191956,-3.882528574195021e-07,0.3587959110736847,0.5094012022018433,-0.0188070069998502,0.4363170862197876,0.4293714761734009,-0.0423636995255947,0.48609060049057,0.3484886586666107,-0.0706349313259124,0.4622732400894165,0.2894280850887298,-0.0912760719656944,0.3537144660949707,0.2379425168037414,-0.0031037258449941,0.437328040599823,0.2318924516439438,-0.0557827167212963,0.4331687092781067,0.318635493516922,-0.0783562585711479,0.4105710387229919,0.3428892195224762,-0.0856975466012954,0.3093913197517395,0.2237406075000763,-0.0184409506618976,0.4206679761409759,0.2440219223499298,-0.0692945420742034,0.3979695737361908,0.3623802661895752,-0.0709131732583046,0.3632862567901611,0.3611369729042053,-0.0585234276950359,0.2722372412681579,0.234338641166687,-0.0418897345662117,0.3779980838298797,0.2949128150939941,-0.094425618648529,0.3522945344448089,0.398399293422699,-0.0810669362545013,0.3162430822849273,0.3937478065490722,-0.0583506971597671,0.2412092983722686,0.264816015958786,-0.0677442103624343,0.3282921612262726,0.3278926312923431,-0.0961058661341667,0.3122706711292267,0.3967830538749695,-0.0853703916072845,0.2763146162033081,0.393880546092987,-0.0689742341637611,fist,RRQ_p4,RRQ
0.205608993768692,0.6650834083557129,-3.987371712810273e-07,0.3278120458126068,0.6004709601402283,-0.0050535900518298,0.3960646986961365,0.5149209499359131,-0.0208955742418766,0.4401223361492157,0.4545706510543823,-0.040297370404005,0.4315057098865509,0.3965172171592712,-0.051802784204483,0.2682864069938659,0.3244749307632446,-0.0024488847702741,0.3880296647548675,0.3464807271957397,-0.0421522818505764,0.372824877500534,0.4263710379600525,-0.0679839253425598,0.3367039263248443,0.4396152198314667,-0.0858701840043068,0.2490875869989395,0.3202956616878509,-0.0218655057251453,0.3968997597694397,0.3614360690116882,-0.0617614723742008,0.3723255395889282,0.4456155300140381,-0.0732200145721435,0.3349033296108246,0.4481038153171539,-0.0766346007585525,0.2445383667945861,0.3466796278953552,-0.0453478917479515,0.382158488035202,0.4186503887176513,-0.076576292514801,0.3530215620994568,0.4912852644920349,-0.0734655037522316,0.3123303055763244,0.4831888973712921,-0.0692492946982383,0.2566835284233093,0.3949833810329437,-0.0711925327777862,0.3598377406597137,0.483170211315155,-0.0897130817174911,0.3332788646221161,0.5355634093284607,-0.0913310647010803,0.2945115268230438,0.5220454931259155,-0.0916544049978256,fist,RRQ_p4,RRQ
0.2639479041099548,0.5151256918907166,-3.4155058870055655e-07,0.3519117832183838,0.4867666661739349,-0.0307709388434886,0.4329443573951721,0.4186588227748871,-0.0534985549747943,0.4802144765853882,0.3480767011642456,-0.0761182606220245,0.4611383080482483,0.302768737077713,-0.0914225056767463,0.3853188455104828,0.2326694130897522,-0.0199032071977853,0.4585081040859222,0.2310817837715149,-0.0674873888492584,0.4422468543052673,0.3160122632980346,-0.0901064872741699,0.4154058992862701,0.336125373840332,-0.1000012457370758,0.3372461795806885,0.2103956788778305,-0.0267827734351158,0.4199672043323517,0.2375461459159851,-0.0746822208166122,0.3974031507968902,0.3454364538192749,-0.0816396921873092,0.3695581257343292,0.350810557603836,-0.0751536563038826,0.2916031181812286,0.2156829237937927,-0.0407392494380474,0.3691315352916717,0.2823219895362854,-0.0882818400859832,0.3465081453323364,0.3769820630550384,-0.0796129703521728,0.3181244730949402,0.3739133775234222,-0.0625472143292427,0.2501209378242492,0.2399406731128692,-0.0578616857528686,0.314631313085556,0.3139455914497375,-0.0845537781715393,0.3028327524662018,0.3835838437080383,-0.076580986380577,0.2782638072967529,0.3816940784454345,-0.0635041818022728,fist,RRQ_p4,RRQ
0.6816754937171936,0.7779218554496765,-7.068712761792995e-07,0.6244575381278992,0.7123503684997559,-0.0155163425952196,0.5860757827758789,0.6190032362937927,-0.0286919511854648,0.5667845010757446,0.5447904467582703,-0.0464732460677623,0.589974045753479,0.4903673827648163,-0.0563944466412067,0.6535508632659912,0.4974707961082458,0.0143512384966015,0.6011402010917664,0.4553491473197937,-0.0235915835946798,0.5904814600944519,0.5316417813301086,-0.0377910621464252,0.6100133657455444,0.5548598766326904,-0.0416028127074241,0.690554141998291,0.5065682530403137,0.0056512993760406,0.6264219284057617,0.4743050038814544,-0.0355569757521152,0.6140004992485046,0.5692952275276184,-0.0331729017198085,0.6409212946891785,0.5805134773254395,-0.0189795456826686,0.7232828140258789,0.5290096998214722,-0.0116513539105653,0.6526346206665039,0.5078906416893005,-0.0544815100729465,0.6392208933830261,0.5986220240592957,-0.0362580306828022,0.6664486527442932,0.6121652126312256,-0.010964329354465,0.7481778264045715,0.5635212659835815,-0.0314847268164157,0.6808921098709106,0.5489118099212646,-0.0541512854397296,0.6671779751777649,0.6047497987747192,-0.0430454052984714,0.6890327334403992,0.6203997135162354,-0.026680676266551,fist,RRQ_p4,RRQ
0.2315329909324646,0.5581434965133667,-4.1428467056903173e-07,0.3137062489986419,0.547609269618988,-0.0344601869583129,0.4044461846351623,0.4967771172523498,-0.0571553520858287,0.4544543325901031,0.4279130399227142,-0.0786038935184478,0.4288989901542663,0.3730557560920715,-0.0921561643481254,0.3877487778663635,0.3136136531829834,-0.0232459250837564,0.4522549211978912,0.3183121979236603,-0.0682013928890228,0.4204817414283752,0.4001277983188629,-0.0866202265024185,0.3918814361095428,0.4067650735378265,-0.0937413051724433,0.3409488499164581,0.2813838720321655,-0.0267953891307115,0.4043984711170196,0.3191192746162414,-0.0714081078767776,0.3680421113967895,0.4199866652488708,-0.0760202407836914,0.3444411158561706,0.4076692163944244,-0.0687813758850097,0.2922651469707489,0.2768157124519348,-0.0372402556240558,0.3456971049308777,0.3429378867149353,-0.08241618424654,0.3166520595550537,0.431844562292099,-0.0706405490636825,0.2922570705413818,0.4174720048904419,-0.052336186170578,0.2437033206224441,0.2881642878055572,-0.0509094521403312,0.292473703622818,0.3554809391498565,-0.0754671096801757,0.2769324481487274,0.4211255013942718,-0.0640429556369781,0.2530105710029602,0.4130065441131592,-0.0485935732722282,fist,RRQ_p4,RRQ
0.1889075636863708,0.7918584942817688,-5.125572783981625e-07,0.285365879535675,0.7509002685546875,-0.0144150517880916,0.3642142117023468,0.6880460381507874,-0.0311646200716495,0.4193213582038879,0.6306214928627014,-0.052284937351942,0.4117965996265411,0.573910653591156,-0.0660367310047149,0.3088028132915497,0.4919663667678833,-0.0011828797869384,0.4041745364665985,0.5088250637054443,-0.0462079159915447,0.3838490843772888,0.5975486636161804,-0.0677969679236412,0.3533262312412262,0.6102326512336731,-0.0768965780735015,0.2696664333343506,0.4763962626457214,-0.0158596001565456,0.3772346079349518,0.53147292137146,-0.0581581741571426,0.3426493704319,0.6303673982620239,-0.0635199174284935,0.3085903525352478,0.6241617798805237,-0.0580512098968029,0.2339273989200592,0.4882896542549133,-0.0369836166501045,0.3318581283092499,0.5685797929763794,-0.0783811211585998,0.298403263092041,0.6562925577163696,-0.068619780242443,0.2669028043746948,0.6477822065353394,-0.0522964112460613,0.2030932605266571,0.5191263556480408,-0.0602944977581501,0.2832552194595337,0.5869800448417664,-0.0805056020617485,0.2625550627708435,0.64737868309021,-0.0697129741311073,0.2314024269580841,0.6431193351745605,-0.0555234141647815,fist,RRQ_p4,RRQ
0.2429439127445221,0.4640135765075683,-4.512770601650118e-07,0.3191858828067779,0.424982875585556,-0.0275184363126754,0.3878836035728454,0.3401611447334289,-0.0425489656627178,0.427621066570282,0.2577264606952667,-0.0588796660304069,0.4041768014431,0.2044631093740463,-0.0679481923580169,0.345619648694992,0.2007244974374771,-0.0116808181628584,0.3954389989376068,0.1521493792533874,-0.0565726198256015,0.3854630887508392,0.2444767504930496,-0.0727645829319953,0.3615134060382843,0.2689814865589142,-0.0762541368603706,0.2969262599945068,0.1948684602975845,-0.0165244601666927,0.358953058719635,0.162038579583168,-0.0663407742977142,0.3469155430793762,0.279056578874588,-0.0710360333323478,0.3179815113544464,0.2894904911518097,-0.061173852533102,0.2490390539169311,0.1996069103479385,-0.0287320241332054,0.3111963868141174,0.1958140581846237,-0.0852832049131393,0.301909327507019,0.3054745197296142,-0.0743575915694236,0.2722814381122589,0.3152962028980255,-0.0512102134525775,0.1994250118732452,0.2134351134300232,-0.0422417968511581,0.2656243443489074,0.2160117626190185,-0.0754651948809623,0.2690077722072601,0.2915592491626739,-0.063205137848854,0.2448090016841888,0.3075288534164428,-0.0444201938807964,fist,RRQ_p4,RRQ
0.796989381313324,0.3896465003490448,-5.6988972119143e-07,0.7293611764907837,0.3562598824501037,-0.0258351974189281,0.6808098554611206,0.2756816148757934,-0.0357961729168891,0.6697548627853394,0.1827379912137985,-0.0481676869094371,0.6917598247528076,0.1197307854890823,-0.0528037101030349,0.6813860535621643,0.1834146082401275,0.0142299439758062,0.6626065373420715,0.1122699752449989,-0.026239214465022,0.6792232990264893,0.184246689081192,-0.042525578290224,0.6972744464874268,0.2086083143949508,-0.0455716177821159,0.7253230810165405,0.1744756400585174,0.0114852078258991,0.7127125859260559,0.1061223447322845,-0.028312049806118,0.7191082239151001,0.2025955319404602,-0.029702054336667,0.7289085984230042,0.2119348645210266,-0.0171504039317369,0.7698644399642944,0.1776129901409149,-0.0012500621378421,0.7607906460762024,0.1219177693128585,-0.0432331375777721,0.7566376328468323,0.218132197856903,-0.0286205299198627,0.7636947631835938,0.2315146923065185,-0.004879081621766,0.8169786930084229,0.1884212344884872,-0.0170116815716028,0.8020799160003662,0.1575501710176468,-0.0363106727600097,0.7920398712158203,0.2215244174003601,-0.0226344689726829,0.7962648272514343,0.2375961244106292,-0.0046739424578845,fist,RRQ_p4,RRQ
0.7403009533882141,0.6171271204948425,-4.771165436068259e-07,0.6860369443893433,0.5928143858909607,-0.01846887730062,0.6376217007637024,0.5181549787521362,-0.0252210237085819,0.6257340312004089,0.4388978183269501,-0.0342540144920349,0.6550933718681335,0.3899812698364258,-0.0372171513736248,0.6497503519058228,0.4457480013370514,0.0120696006342768,0.6254246234893799,0.3922450244426727,-0.0176537837833166,0.6338210701942444,0.450278490781784,-0.0263653099536895,0.649578332901001,0.4565768539905548,-0.0272237341850996,0.6867896318435669,0.4384900033473968,0.0082152606919407,0.6665329337120056,0.3849901258945465,-0.0241166353225708,0.6698164939880371,0.4652512967586517,-0.0213742516934871,0.6825862526893616,0.4642533361911773,-0.0079664094373583,0.7245377898216248,0.4436214864253998,-0.0034968459513038,0.7037535905838013,0.4011735320091247,-0.0376847721636295,0.7022302150726318,0.4810776710510254,-0.0235140137374401,0.7155851721763611,0.4804989099502563,-0.0027639833278954,0.7655322551727295,0.4508091509342193,-0.017331188544631,0.7410879135131836,0.4319372475147247,-0.0315751396119594,0.7353689670562744,0.4846359491348266,-0.0198352262377738,0.7469760179519653,0.4878643751144409,-0.0056335059925913,fist,RRQ_p4,RRQ
0.2906781136989593,0.6420634388923645,-3.506046937218344e-07,0.3684230148792267,0.5921642184257507,-0.0125238075852394,0.4279031157493591,0.523345947265625,-0.026135990396142,0.465788185596466,0.4528748989105224,-0.0438002273440361,0.4478180706501007,0.4002804756164551,-0.0547452829778194,0.3611801564693451,0.388161838054657,0.0105879846960306,0.4293860197067261,0.3740184605121612,-0.0308032948523759,0.4236855208873749,0.4457660317420959,-0.0527098774909973,0.4016533493995666,0.4612667560577392,-0.0622234269976615,0.3288197219371795,0.3784607648849487,-0.0007687779143452,0.4147049486637115,0.382283866405487,-0.0429246425628662,0.3978036344051361,0.4704329371452331,-0.0514392741024494,0.3681301474571228,0.4714789688587188,-0.0472285225987434,0.3021861910820007,0.3857127428054809,-0.0189411491155624,0.3855092525482178,0.419157475233078,-0.0619840957224369,0.3668568134307861,0.4978048205375671,-0.0565332323312759,0.3373228907585144,0.4941079318523407,-0.0416447781026363,0.2819128930568695,0.405588150024414,-0.0385607071220874,0.3551646173000335,0.441328227519989,-0.0609760396182537,0.3425680994987488,0.4929696023464203,-0.0544979199767112,0.3129107356071472,0.4913178980350494,-0.0431890711188316,fist,RRQ_p4,RRQ
0.8155651688575745,0.8243728876113892,5.248411980574019e-07,0.7127909064292908,0.7654237747192383,-0.02920021302998066,0.6310476660728455,0.6462910771369934,-0.03663518279790878,0.5824446082115173,0.5477186441421509,-0.04317961633205414,0.5364742875099182,0.4871487617492676,-0.04943764582276344,0.694482147693634,0.4820026159286499,-0.003316655056551099,0.6669436097145081,0.35299646854400635,-0.02233109436929226,0.6519529819488525,0.2741320729255676,-0.042549144476652145,0.6410602331161499,0.20155566930770874,-0.059421002864837646,0.7579885125160217,0.4599229693412781,-0.010756595060229301,0.749585747718811,0.3079598546028137,-0.02576540783047676,0.7466488480567932,0.21156761050224304,-0.045034199953079224,0.7436478734016418,0.12684941291809082,-0.06075212359428406,0.8185312151908875,0.47123774886131287,-0.02493211254477501,0.8143056035041809,0.3291034698486328,-0.045814502984285355,0.8074311017990112,0.24034029245376587,-0.06375499814748764,0.7986985445022583,0.16001200675964355,-0.07735864818096161,0.8790090084075928,0.5054211616516113,-0.04253825545310974,0.8897689580917358,0.3916607201099396,-0.06302843987941742,0.894478440284729,0.3147578537464142,-0.07289458811283112,0.8964526653289795,0.23907437920570374,-0.08055949211120605,open_palm,RRQ_p4,RRQ
0.6949822306632996,0.7919207215309143,3.7105556316419097e-07,0.631627082824707,0.7409161329269409,-0.018433338031172752,0.5914793014526367,0.6522079110145569,-0.02186955325305462,0.5668128728866577,0.5811309814453125,-0.025498569011688232,0.536794126033783,0.5463802814483643,-0.02847040444612503,0.6449635028839111,0.5525020956993103,0.007988250814378262,0.6443964838981628,0.4643450975418091,-0.0022457956802099943,0.6481947302818298,0.4120955169200897,-0.015310156159102917,0.6545513272285461,0.36604028940200806,-0.026182133704423904,0.6841014623641968,0.5467915534973145,0.004100665915757418,0.6873248815536499,0.4489251375198364,-0.0031092616263777018,0.6918289661407471,0.38836783170700073,-0.01488560065627098,0.6967988610267639,0.33709660172462463,-0.02472468465566635,0.7200620174407959,0.5591914653778076,-0.004865789785981178,0.7256700396537781,0.467925101518631,-0.015229289419949055,0.7281650900840759,0.4101143479347229,-0.02531735599040985,0.7295962572097778,0.3601498603820801,-0.03351522982120514,0.7566255331039429,0.5849282145500183,-0.01664615049958229,0.7701613306999207,0.5143302083015442,-0.026523705571889877,0.7769683003425598,0.46690768003463745,-0.031582754105329514,0.7819645404815674,0.42106181383132935,-0.03610452637076378,open_palm,RRQ_p4,RRQ
0.7575690746307373,0.6204643845558167,5.545198291656561e-07,0.6799768209457397,0.5768832564353943,-0.03301714360713959,0.6176133751869202,0.492584764957428,-0.05043535307049751,0.5767006278038025,0.4155522584915161,-0.06553174555301666,0.5320945382118225,0.36627668142318726,-0.08080191165208817,0.6552398204803467,0.34154021739959717,-0.026905272156000137,0.6302850246429443,0.23012462258338928,-0.05247863009572029,0.6159743666648865,0.16153377294540405,-0.07454756647348404,0.6060409545898438,0.09744355082511902,-0.0916844978928566,0.7073095440864563,0.32122111320495605,-0.0325908400118351,0.6988204717636108,0.18921054899692535,-0.05444543436169624,0.6953625679016113,0.10651221871376038,-0.07485093176364899,0.6913666725158691,0.03189942240715027,-0.09072497487068176,0.75702303647995,0.329867422580719,-0.043440449982881546,0.7550612092018127,0.2064368724822998,-0.06892868876457214,0.749290406703949,0.1284920573234558,-0.08686982095241547,0.7421430945396423,0.057468682527542114,-0.10004470497369766,0.8054813146591187,0.3593118190765381,-0.05735022574663162,0.8196552395820618,0.2652870714664459,-0.08043933659791946,0.8279029726982117,0.20109295845031738,-0.0907718613743782,0.8328148722648621,0.13874593377113342,-0.09835921972990036,open_palm,RRQ_p4,RRQ
0.7844632863998413,0.7562674283981323,4.783245231010369e-07,0.7070920467376709,0.6903494596481323,-0.023280736058950424,0.6634690165519714,0.5918776988983154,-0.03272516652941704,0.6552156805992126,0.5016756057739258,-0.04249535873532295,0.6744564771652222,0.43822920322418213,-0.05118466541171074,0.7230628728866577,0.4768104553222656,8.890367098501883e-06,0.7278800010681152,0.36808550357818604,-0.02233477309346199,0.7380710244178772,0.30272287130355835,-0.04389890655875206,0.7517412304878235,0.24390900135040283,-0.05991346761584282,0.7700427770614624,0.4716942310333252,-0.0060843233950436115,0.7768227458000183,0.3485180735588074,-0.022697294130921364,0.7863438129425049,0.2733761668205261,-0.0404597744345665,0.7963729500770569,0.20521032810211182,-0.05399226397275925,0.8124340772628784,0.4886482357978821,-0.018059248104691505,0.818051278591156,0.37449949979782104,-0.035435132682323456,0.8239279389381409,0.3029124140739441,-0.0461871400475502,0.8294504284858704,0.23868992924690247,-0.05426425486803055,0.8567935824394226,0.5239992141723633,-0.03353932872414589,0.8622530698776245,0.4361867904663086,-0.04851948842406273,0.8635219931602478,0.3787214159965515,-0.05323340743780136,0.8628835082054138,0.3233712613582611,-0.05672428011894226,open_palm,RRQ_p4,RRQ
0.3044745922088623,0.6604832410812378,3.939555028864561e-07,0.3710809350013733,0.605039656162262,-0.02903454564511776,0.4093484580516815,0.5099575519561768,-0.0422179251909256,0.43069618940353394,0.43471959233283997,-0.054364822804927826,0.439270555973053,0.37836575508117676,-0.06756438314914703,0.34021276235580444,0.365031361579895,-0.0336972177028656,0.32231295108795166,0.2501241862773895,-0.05960029363632202,0.30688193440437317,0.17990998923778534,-0.08074600249528885,0.29023462533950806,0.11664637923240662,-0.09632471203804016,0.29180067777633667,0.3674497902393341,-0.039057694375514984,0.2691211402416229,0.23128606379032135,-0.0618264265358448,0.25295013189315796,0.14703497290611267,-0.08305367827415466,0.23630575835704803,0.07503291964530945,-0.09906255453824997,0.2514313757419586,0.39569178223609924,-0.04758330434560776,0.22464540600776672,0.27575060725212097,-0.0683276429772377,0.20961548388004303,0.19836808741092682,-0.08541275560855865,0.19443334639072418,0.13037586212158203,-0.09809231013059616,0.21480563282966614,0.443194717168808,-0.059130825102329254,0.19427326321601868,0.35327935218811035,-0.07795018702745438,0.18311136960983276,0.2943600118160248,-0.08737698942422867,0.17245236039161682,0.23931649327278137,-0.09400960803031921,open_palm,RRQ_p4,RRQ
0.2887842357158661,0.6631098985671997,5.669652409778791e-07,0.3561531901359558,0.6029918193817139,-0.036759838461875916,0.4008926451206207,0.514755368232727,-0.056767046451568604,0.4361419975757599,0.44382399320602417,-0.07490584254264832,0.4701622724533081,0.39358004927635193,-0.09362277388572693,0.31539463996887207,0.36959055066108704,-0.039387207478284836,0.30261680483818054,0.2537461817264557,-0.06562848389148712,0.2911255657672882,0.18489043414592743,-0.08639362454414368,0.2785516381263733,0.12371110916137695,-0.1019044816493988,0.2633064389228821,0.3751862049102783,-0.04203647002577782,0.23961731791496277,0.24797223508358002,-0.06574631482362747,0.2232723981142044,0.16835623979568481,-0.08639737963676453,0.2067854255437851,0.1034264862537384,-0.10180538147687912,0.22055768966674805,0.40679341554641724,-0.048707589507102966,0.1852724552154541,0.2988278269767761,-0.07149706035852432,0.16584013402462006,0.22791822254657745,-0.0895787701010704,0.1491316556930542,0.16404029726982117,-0.10228501260280609,0.18366797268390656,0.4579983055591583,-0.05902285873889923,0.1476677656173706,0.37755417823791504,-0.08099731802940369,0.1255577653646469,0.32358518242836,-0.0925639346241951,0.10794991254806519,0.2682189345359802,-0.10008998215198517,open_palm,RRQ_p4,RRQ
0.2903938889503479,0.5653272271156311,4.1276703655057645e-07,0.3408123850822449,0.5502358675003052,-0.02492862567305565,0.38214772939682007,0.51273512840271,-0.0364563912153244,0.4157012403011322,0.47737917304039,-0.04631299525499344,0.4432457983493805,0.4520883560180664,-0.05583661422133446,0.3499860167503357,0.39993226528167725,-0.016714364290237427,0.36608070135116577,0.33412206172943115,-0.029979530721902847,0.374617338180542,0.2939242720603943,-0.0427122600376606,0.38137227296829224,0.2574421167373657,-0.05220330134034157,0.3213554918766022,0.38860297203063965,-0.01566927321255207,0.33461782336235046,0.3152826726436615,-0.026041336357593536,0.34290096163749695,0.2674676477909088,-0.03770848363637924,0.3492013216018677,0.22769300639629364,-0.046815890818834305,0.29239532351493835,0.3933793902397156,-0.017873460426926613,0.29738694429397583,0.3249911367893219,-0.02836788445711136,0.3035155236721039,0.2810419201850891,-0.037975892424583435,0.3096386790275574,0.24343912303447723,-0.04493706300854683,0.26198580861091614,0.409957617521286,-0.022782133892178535,0.25840920209884644,0.3565148711204529,-0.0335686057806015,0.25783807039260864,0.32032880187034607,-0.038964368402957916,0.2592766284942627,0.2864226698875427,-0.04228455200791359,open_palm,RRQ_p4,RRQ
0.26694467663764954,0.522846519947052,4.0652361121829017e-07,0.3151821792125702,0.5049687623977661,-0.02512102760374546,0.3537209630012512,0.46536311507225037,-0.036464981734752655,0.384764164686203,0.42912769317626953,-0.045931264758110046,0.4104045033454895,0.4026953876018524,-0.05492090806365013,0.31882622838020325,0.35259100794792175,-0.017044244334101677,0.33239150047302246,0.2850870192050934,-0.030214108526706696,0.33851078152656555,0.24370843172073364,-0.04270600527524948,0.34296944737434387,0.20634689927101135,-0.05183632671833038,0.2913174629211426,0.34335628151893616,-0.015592876821756363,0.3023679554462433,0.2685282528400421,-0.025211207568645477,0.3087047040462494,0.21955762803554535,-0.03574008494615555,0.3136983811855316,0.17879168689250946,-0.04407652094960213,0.26388442516326904,0.34977424144744873,-0.017468271777033806,0.26809221506118774,0.28066104650497437,-0.02722184918820858,0.2735351622104645,0.23854458332061768,-0.035582348704338074,0.27933794260025024,0.20286063849925995,-0.041689030826091766,0.23450419306755066,0.3680020570755005,-0.022146528586745262,0.22977745532989502,0.31513190269470215,-0.031958840787410736,0.22936585545539856,0.28051742911338806,-0.03626231476664543,0.23125602304935455,0.2477111965417862,-0.038885705173015594,open_palm,RRQ_p4,RRQ
0.7333033084869385,0.8579729795455933,6.51911477689282e-07,0.6454088687896729,0.8047930002212524,-0.03541390970349312,0.5722475051879883,0.7037506699562073,-0.05469784513115883,0.5213969945907593,0.6250470876693726,-0.07168345153331757,0.4718048572540283,0.5746486783027649,-0.08925880491733551,0.6532896757125854,0.5283107161521912,-0.03286465257406235,0.6381521821022034,0.399466872215271,-0.05895622447133064,0.6312561631202698,0.3197905421257019,-0.08166284114122391,0.6278602480888367,0.24842122197151184,-0.10024642944335938,0.7149641513824463,0.5208374857902527,-0.04118604212999344,0.7197305560112,0.37404829263687134,-0.06375414878129959,0.7258586883544922,0.2798064947128296,-0.08567310869693756,0.7312548756599426,0.1979866623878479,-0.10344676673412323,0.7716849446296692,0.5460501313209534,-0.0550088994204998,0.7859420776367188,0.4114729166030884,-0.08451344072818756,0.7934632301330566,0.3260645866394043,-0.106144480407238,0.7972642183303833,0.24738070368766785,-0.12208271771669388,0.825222909450531,0.5938696265220642,-0.0718330517411232,0.8588283061981201,0.49684208631515503,-0.10103850811719894,0.8807108402252197,0.4324548840522766,-0.11453582346439362,0.8980955481529236,0.3683311343193054,-0.12431748956441879,open_palm,RRQ_p4,RRQ
0.5291101932525635,0.9228936433792114,4.513329656674614e-07,0.45818108320236206,0.9080442190170288,-0.022095398977398872,0.3921203315258026,0.85652756690979,-0.03481896594166756,0.3430368900299072,0.820809006690979,-0.047594405710697174,0.2961021661758423,0.8028311133384705,-0.06091982126235962,0.39881041646003723,0.7055970430374146,-0.013089718297123909,0.3635416328907013,0.6152538657188416,-0.03408189117908478,0.3412218391895294,0.5584264993667603,-0.053443439304828644,0.3241400122642517,0.5068359375,-0.06897096335887909,0.43422216176986694,0.679956316947937,-0.021944981068372726,0.40235549211502075,0.5737468004226685,-0.04064241796731949,0.38417762517929077,0.5044572353363037,-0.05993204191327095,0.3696780800819397,0.44264933466911316,-0.07510499656200409,0.4745248556137085,0.6773865818977356,-0.03525301069021225,0.4492362141609192,0.5743691325187683,-0.056524086743593216,0.4341827630996704,0.5115519165992737,-0.07272183895111084,0.4192814528942108,0.45238837599754333,-0.08513571321964264,0.5205332636833191,0.6919323205947876,-0.05098379775881767,0.5134552121162415,0.6131467819213867,-0.07108289748430252,0.5075755715370178,0.5597214698791504,-0.08100118488073349,0.4998224377632141,0.5056886672973633,-0.08871220052242279,open_palm,RRQ_p4,RRQ
0.29795393347740173,0.8465346097946167,4.569170073409623e-07,0.3684372305870056,0.7903242111206055,-0.024433767423033714,0.4140464961528778,0.6969444751739502,-0.03341582790017128,0.44762611389160156,0.6215769648551941,-0.04276183247566223,0.4732378125190735,0.5655457973480225,-0.05214781314134598,0.3367231786251068,0.56354820728302,-0.012026428245007992,0.3361991345882416,0.457211971282959,-0.03027711994946003,0.3393057584762573,0.3933676779270172,-0.04780310392379761,0.34264081716537476,0.33665987849235535,-0.06141500547528267,0.28999096155166626,0.5619261860847473,-0.017314236611127853,0.27202218770980835,0.44270795583724976,-0.033089421689510345,0.2644343674182892,0.3663284480571747,-0.051253482699394226,0.25757840275764465,0.30410605669021606,-0.06536871194839478,0.25108999013900757,0.584315836429596,-0.027012813836336136,0.22504471242427826,0.4785779118537903,-0.04431206360459328,0.2128935605287552,0.4064476490020752,-0.061111483722925186,0.20345714688301086,0.3416418135166168,-0.07353519648313522,0.2174152284860611,0.6256306767463684,-0.03973037004470825,0.1870921105146408,0.5477132797241211,-0.05844913423061371,0.16793429851531982,0.4929680824279785,-0.06957502663135529,0.15332342684268951,0.43767213821411133,-0.07724514603614807,open_palm,RRQ_p4,RRQ
0.34733134508132935,0.8640581965446472,6.994562227191636e-07,0.44576263427734375,0.8272270560264587,-0.05323345214128494,0.5313761234283447,0.7344827651977539,-0.07621968537569046,0.583853006362915,0.6444177031517029,-0.09535475820302963,0.6324927806854248,0.5737553238868713,-0.11403316259384155,0.4790899157524109,0.5269282460212708,-0.04314610734581947,0.505601704120636,0.3897125720977783,-0.07726263999938965,0.5195753574371338,0.3003068268299103,-0.10624682903289795,0.5321663618087769,0.21827861666679382,-0.12785129249095917,0.4177694618701935,0.5027008652687073,-0.042960505932569504,0.4372527003288269,0.34750163555145264,-0.07296235114336014,0.4489325284957886,0.24182385206222534,-0.1012558788061142,0.45914924144744873,0.14842954277992249,-0.12270699441432953,0.3578728139400482,0.5136259198188782,-0.04954076558351517,0.364481121301651,0.37007302045822144,-0.08011690527200699,0.37416696548461914,0.27696481347084045,-0.10358290374279022,0.3858064115047455,0.19158661365509033,-0.1199081689119339,0.2949984073638916,0.5509389042854309,-0.06162123754620552,0.28639310598373413,0.4390360713005066,-0.0915873646736145,0.28479617834091187,0.36428725719451904,-0.10734646767377853,0.2880603075027466,0.2896004319190979,-0.11745815724134445,open_palm,RRQ_p4,RRQ
0.2964784801006317,0.5027986168861389,3.222345696940465e-07,0.33329668641090393,0.4826282858848572,-0.019818317145109177,0.3629652261734009,0.4464259743690491,-0.028659574687480927,0.3895292580127716,0.4145403206348419,-0.036303162574768066,0.41448330879211426,0.4004954397678375,-0.043786998838186264,0.3324059247970581,0.3630669116973877,-0.013558116741478443,0.3437357544898987,0.3064917325973511,-0.023710103705525398,0.34822574257850647,0.27151748538017273,-0.033183932304382324,0.3506300747394562,0.24150432646274567,-0.04019676521420479,0.3103354573249817,0.35749661922454834,-0.01252780668437481,0.31695181131362915,0.29475778341293335,-0.020043738186359406,0.31811460852622986,0.2551751434803009,-0.02796243689954281,0.3176659643650055,0.22391864657402039,-0.034070320427417755,0.28853076696395874,0.36405572295188904,-0.014093377627432346,0.2890348434448242,0.3064153790473938,-0.021918371319770813,0.28872600197792053,0.27045267820358276,-0.029120679944753647,0.28834137320518494,0.24169160425662994,-0.03427700325846672,0.2650660276412964,0.38091468811035156,-0.01786698028445244,0.25418999791145325,0.34055566787719727,-0.02607130818068981,0.24727240204811096,0.31280821561813354,-0.030165940523147583,0.24209392070770264,0.28687459230422974,-0.03257902339100838,open_palm,RRQ_p4,RRQ
0.7342134714126587,0.5740386247634888,3.3827390666374413e-07,0.6831271052360535,0.5532705187797546,-0.023624729365110397,0.6341438889503479,0.5136200189590454,-0.03473217412829399,0.5926517844200134,0.484872430562973,-0.043811675161123276,0.558881402015686,0.4734033942222595,-0.052116282284259796,0.6690186858177185,0.40252816677093506,-0.012159113772213459,0.652016818523407,0.33595696091651917,-0.022564129903912544,0.6435377597808838,0.29636406898498535,-0.03324266895651817,0.6370824575424194,0.2626992166042328,-0.04205160215497017,0.6998218894004822,0.38982149958610535,-0.01183534599840641,0.690496027469635,0.31534987688064575,-0.018966982141137123,0.6839238405227661,0.27141767740249634,-0.027449315413832664,0.6778939962387085,0.23559266328811646,-0.03469712659716606,0.7302803993225098,0.39427298307418823,-0.015441890805959702,0.7293615341186523,0.32558131217956543,-0.025433948263525963,0.7273890972137451,0.28409305214881897,-0.03359454870223999,0.723746120929718,0.2484518140554428,-0.040028054267168045,0.7600230574607849,0.4111817479133606,-0.02163846231997013,0.7705414891242981,0.3602321743965149,-0.03205474093556404,0.7759155035018921,0.3275790810585022,-0.03685015067458153,0.7793817520141602,0.29673224687576294,-0.04041265323758125,open_palm,RRQ_p4,RRQ
0.7291144728660583,0.8020589351654053,6.011866275912325e-07,0.6609150171279907,0.7422801852226257,-0.024686794728040695,0.5968519449234009,0.653959333896637,-0.03608725965023041,0.5430921316146851,0.5992143750190735,-0.04780684784054756,0.49636274576187134,0.5729355812072754,-0.058957818895578384,0.6879823803901672,0.5036059617996216,-0.0037399197462946177,0.6815400123596191,0.4053229093551636,-0.011917105875909328,0.6816789507865906,0.3487265110015869,-0.020869268104434013,0.6842672228813171,0.3029404580593109,-0.02918645739555359,0.7395892143249512,0.5055097937583923,-0.009445118717849255,0.7613874077796936,0.39540421962738037,-0.01315185148268938,0.7799462080001831,0.332689493894577,-0.01920219324529171,0.7981888651847839,0.28533971309661865,-0.025200137868523598,0.7837326526641846,0.5316981077194214,-0.0214221253991127,0.8200188279151917,0.4383898377418518,-0.03652597591280937,0.8439950942993164,0.38174504041671753,-0.04971645772457123,0.8645222187042236,0.334253191947937,-0.05882522091269493,0.8198837041854858,0.5746061205863953,-0.0364115945994854,0.8716767430305481,0.5191761255264282,-0.05628460273146629,0.9075136184692383,0.48157185316085815,-0.06740948557853699,0.9392178058624268,0.4455922842025757,-0.07433423399925232,open_palm,RRQ_p4,RRQ
0.9286829829216003,0.7548599243164062,-6.617293024646642e-07,0.8992443084716797,0.6369389295578003,0.01377664040774107,0.841840922832489,0.5266213417053223,0.008029294200241566,0.8123204708099365,0.43506401777267456,-0.0016830686945468187,0.8315473794937134,0.3624899983406067,-0.010301271453499794,0.8026273846626282,0.45777052640914917,-0.02258714847266674,0.6773990392684937,0.49993497133255005,-0.04935157299041748,0.6973177194595337,0.5437332987785339,-0.05583988130092621,0.7333090305328369,0.5406963229179382,-0.057785212993621826,0.8071202635765076,0.5146824717521667,-0.04199998825788498,0.6677963733673096,0.5734008550643921,-0.06837235391139984,0.699211597442627,0.6083878874778748,-0.060760512948036194,0.7392085790634155,0.5988147258758545,-0.0544339157640934,0.8077202439308167,0.5873121619224548,-0.0608476921916008,0.6885444521903992,0.643786609172821,-0.08414828777313232,0.7243907451629639,0.6713403463363647,-0.06527306884527206,0.7610544562339783,0.6588531136512756,-0.05106931924819946,0.8085843324661255,0.6659271121025085,-0.0783567726612091,0.7149106860160828,0.7053076028823853,-0.0965321958065033,0.7444103360176086,0.7238787412643433,-0.08780094236135483,0.7772883176803589,0.7126341462135315,-0.07833995670080185,thumbs_up,RRQ_p4,RRQ
0.8804409503936768,0.49200862646102905,-4.251150755862909e-07,0.843591570854187,0.36565014719963074,0.008395394310355186,0.7851719856262207,0.24533888697624207,-0.0054803891107439995,0.7674800157546997,0.14330944418907166,-0.02380446344614029,0.793900191783905,0.0632818341255188,-0.04319166764616966,0.6731654405593872,0.23222622275352478,-0.02636159583926201,0.5585646629333496,0.31583985686302185,-0.04959153011441231,0.5960092544555664,0.35439592599868774,-0.06014293059706688,0.6397005915641785,0.3440488874912262,-0.06539850682020187,0.6682722568511963,0.3049834966659546,-0.04351125657558441,0.5626696348190308,0.394737184047699,-0.06010444089770317,0.6052477955818176,0.417702853679657,-0.05508393794298172,0.6483893394470215,0.39877116680145264,-0.05301052704453468,0.670657217502594,0.38986074924468994,-0.0593070462346077,0.583435595035553,0.4604818820953369,-0.07173965126276016,0.6256824731826782,0.4771145284175873,-0.054207347333431244,0.6649771928787231,0.4583912193775177,-0.043751392513513565,0.6771175861358643,0.4776938557624817,-0.07472235709428787,0.6100301742553711,0.5182929039001465,-0.08352721482515335,0.6523407101631165,0.5303752422332764,-0.06825222074985504,0.6903528571128845,0.5168891549110413,-0.05499421805143356,thumbs_up,RRQ_p4,RRQ
0.1998496800661087,0.48945382237434387,-2.9186114147705666e-07,0.23096996545791626,0.3592359125614166,-0.008187388069927692,0.2799607813358307,0.22752073407173157,-0.036809291690588,0.2801370620727539,0.12239150702953339,-0.0669962540268898,0.23588651418685913,0.04766401648521423,-0.09381776303052902,0.3761942684650421,0.22870498895645142,-0.06499560922384262,0.5059705376625061,0.30295735597610474,-0.09484443813562393,0.4703376293182373,0.33097395300865173,-0.10533136129379272,0.4243696630001068,0.3173811137676239,-0.11168539524078369,0.37177932262420654,0.3130493760108948,-0.08302612602710724,0.49953317642211914,0.3890361785888672,-0.09890320897102356,0.45560795068740845,0.4017522633075714,-0.088028185069561,0.40903133153915405,0.38198167085647583,-0.08570998162031174,0.3642983138561249,0.40725255012512207,-0.10022050142288208,0.47936540842056274,0.46619880199432373,-0.10557875037193298,0.43767261505126953,0.4727618098258972,-0.07965051382780075,0.39319440722465515,0.4536691904067993,-0.06881947070360184,0.35630354285240173,0.5011806488037109,-0.11880601197481155,0.45249009132385254,0.5318960547447205,-0.11299846321344376,0.41683000326156616,0.5323559045791626,-0.08695561438798904,0.37493088841438293,0.5149427652359009,-0.07315738499164581,thumbs_up,RRQ_p4,RRQ
0.7399473190307617,0.7259582281112671,-6.686997267024708e-07,0.6898770332336426,0.5734054446220398,-0.07960682362318039,0.6778785586357117,0.39162778854370117,-0.11916372925043106,0.6923096776008606,0.25885945558547974,-0.14277474582195282,0.731333315372467,0.13160449266433716,-0.15413343906402588,0.80568927526474,0.42270708084106445,-0.10959739983081818,0.600144624710083,0.4796096682548523,-0.17333799600601196,0.6152237057685852,0.5195705890655518,-0.20419961214065552,0.6841385960578918,0.5088712573051453,-0.22108152508735657,0.8459750413894653,0.5447203516960144,-0.09853542596101761,0.6096217632293701,0.6246562600135803,-0.14243699610233307,0.6500628590583801,0.6292605400085449,-0.14243653416633606,0.7244539260864258,0.5917928814888,-0.14470434188842773,0.8595788478851318,0.6781306266784668,-0.09643282741308212,0.6353882551193237,0.7489800453186035,-0.13844498991966248,0.6749625205993652,0.7300680875778198,-0.11155100911855698,0.7422524690628052,0.6873988509178162,-0.09158365428447723,0.8540372848510742,0.8071948289871216,-0.10424233227968216,0.6715453863143921,0.8506765961647034,-0.14442963898181915,0.7027184963226318,0.8264153003692627,-0.14176471531391144,0.7666018605232239,0.7933796644210815,-0.13369417190551758,thumbs_up,RRQ_p4,RRQ
0.7529060244560242,0.7361673712730408,-7.009530804680253e-07,0.6984022855758667,0.5793581008911133,-0.07806943356990814,0.6834390759468079,0.3932293653488159,-0.1152409017086029,0.6945306658744812,0.25858625769615173,-0.1369294375181198,0.7277050614356995,0.13219845294952393,-0.1458750069141388,0.8108913898468018,0.4154048562049866,-0.10463171452283859,0.6093115210533142,0.4767262935638428,-0.16776679456233978,0.6203668117523193,0.5262283086776733,-0.19695641100406647,0.6877185106277466,0.5176910161972046,-0.21245862543582916,0.8530181646347046,0.5347805619239807,-0.09432907402515411,0.6205687522888184,0.6186177134513855,-0.14036156237125397,0.6572800278663635,0.6315484642982483,-0.1407008171081543,0.7298200726509094,0.5963007807731628,-0.1417251080274582,0.8694429397583008,0.6677128076553345,-0.09322147816419601,0.6486183404922485,0.743992269039154,-0.13836579024791718,0.6848759055137634,0.7333827018737793,-0.11345842480659485,0.7506874203681946,0.6940931081771851,-0.09341776371002197,0.8678588271141052,0.7960777282714844,-0.10151165723800659,0.6866908073425293,0.8465079665184021,-0.14238341152668,0.7153837084770203,0.8282686471939087,-0.13997943699359894,0.7790013551712036,0.7958357334136963,-0.13145937025547028,thumbs_up,RRQ_p4,RRQ
0.32066771388053894,0.6607121825218201,-2.2938068866551475e-07,0.3763314485549927,0.5458320379257202,-0.07645100355148315,0.35883814096450806,0.36807894706726074,-0.11089681088924408,0.3151150345802307,0.22871056199073792,-0.13314859569072723,0.26882559061050415,0.12818458676338196,-0.1468241959810257,0.26366671919822693,0.44472038745880127,-0.13572059571743011,0.41907182335853577,0.5083163976669312,-0.21384750306606293,0.40059059858322144,0.49505770206451416,-0.2523498237133026,0.3543398678302765,0.4526589810848236,-0.2710181474685669,0.19893410801887512,0.5739158987998962,-0.11829172074794769,0.4441695213317871,0.6697110533714294,-0.16203376650810242,0.3808358311653137,0.61818528175354,-0.1504325121641159,0.29488620162010193,0.5729948878288269,-0.144972026348114,0.19014275074005127,0.7049679756164551,-0.1088612824678421,0.4175865352153778,0.7696002721786499,-0.15308210253715515,0.3688679337501526,0.7368558049201965,-0.11071765422821045,0.2940296232700348,0.705647349357605,-0.07576688379049301,0.1985810250043869,0.8227601647377014,-0.11068543046712875,0.36966437101364136,0.8603521585464478,-0.15339763462543488,0.3415359854698181,0.8232513666152954,-0.14524786174297333,0.28132516145706177,0.7960014343261719,-0.12864580750465393,thumbs_up,RRQ_p4,RRQ
0.31799134612083435,0.6586626768112183,-1.916383212119399e-07,0.37451231479644775,0.5496466755867004,-0.07843022793531418,0.35826432704925537,0.36826175451278687,-0.11382049322128296,0.3155118525028229,0.22637879848480225,-0.13629941642284393,0.2671428918838501,0.1250971257686615,-0.15001323819160461,0.26587745547294617,0.4424128532409668,-0.1408255696296692,0.4249028265476227,0.5087855458259583,-0.22022081911563873,0.39925187826156616,0.495341420173645,-0.2592238187789917,0.3497537076473236,0.4544212520122528,-0.2783297598361969,0.19840778410434723,0.5716893076896667,-0.1230112612247467,0.44813960790634155,0.6694502830505371,-0.1680939495563507,0.3782222867012024,0.6155063509941101,-0.15705575048923492,0.292477011680603,0.569380521774292,-0.15212328732013702,0.18708214163780212,0.7020680904388428,-0.11293530464172363,0.41996434330940247,0.7682682275772095,-0.15813535451889038,0.3665045499801636,0.734523355960846,-0.11424625664949417,0.29054608941078186,0.7020067572593689,-0.07804804295301437,0.19438746571540833,0.8185560703277588,-0.11431611329317093,0.3703135848045349,0.857425332069397,-0.1581391990184784,0.3390491306781769,0.8201771974563599,-0.14907114207744598,0.2758446931838989,0.7919389605522156,-0.13138364255428314,thumbs_up,RRQ_p4,RRQ
0.7761875987052917,0.5463310480117798,-2.4083058747237374e-07,0.7661234140396118,0.4302201271057129,-0.012656123377382755,0.7245891690254211,0.3334549367427826,-0.026942424476146698,0.7111704349517822,0.24292774498462677,-0.043987251818180084,0.7285259366035461,0.169017493724823,-0.0631260797381401,0.5898099541664124,0.3689383268356323,-0.010850953869521618,0.5944881439208984,0.43218085169792175,-0.030232097953557968,0.6216675043106079,0.45831188559532166,-0.05571896210312843,0.6436973214149475,0.4611227512359619,-0.07373496145009995,0.5651379823684692,0.43377453088760376,-0.015794523060321808,0.5902184247970581,0.49686551094055176,-0.024254994466900826,0.6208148002624512,0.5111066102981567,-0.04072225093841553,0.6448665261268616,0.5031630992889404,-0.054815225303173065,0.5620533227920532,0.5033130645751953,-0.021101156249642372,0.5912766456604004,0.5505334734916687,-0.02797572873532772,0.6179421544075012,0.5558534264564514,-0.0353105291724205,0.638357400894165,0.5417748689651489,-0.04243270307779312,0.5679613351821899,0.5698125958442688,-0.029017457738518715,0.6002750396728516,0.6084015965461731,-0.03632110357284546,0.6308051943778992,0.6071085333824158,-0.03587200120091438,0.6499645113945007,0.5925081372261047,-0.03315623849630356,thumbs_up,RRQ_p4,RRQ
0.9003597497940063,0.6681327819824219,-7.993295980668336e-07,0.8053728938102722,0.49725618958473206,-0.013838309794664383,0.7476520538330078,0.29126280546188354,-0.03257700800895691,0.747604489326477,0.14902906119823456,-0.04910343140363693,0.7919254302978516,0.06046336889266968,-0.061640821397304535,0.8028436303138733,0.23936256766319275,-0.052556075155735016,0.6420880556106567,0.32293760776519775,-0.09320735186338425,0.672202467918396,0.37928739190101624,-0.11376854032278061,0.7228596806526184,0.3638717234134674,-0.12667177617549896,0.835689902305603,0.3337819576263428,-0.06686458736658096,0.6510338187217712,0.4160207509994507,-0.0991186872124672,0.6884844303131104,0.44666606187820435,-0.09659247100353241,0.73797607421875,0.43320614099502563,-0.09891308844089508,0.8543086647987366,0.4361571669578552,-0.08332588523626328,0.6777908205986023,0.5010154247283936,-0.11512923240661621,0.7081616520881653,0.5301778316497803,-0.09185106307268143,0.7583512663841248,0.5203329920768738,-0.07728605717420578,0.8612135052680969,0.538417398929596,-0.10108614712953568,0.7108757495880127,0.5747565031051636,-0.12228868156671524,0.7383658289909363,0.5965918302536011,-0.10627545416355133,0.7900307178497314,0.5899358987808228,-0.09297768026590347,thumbs_up,RRQ_p4,RRQ
0.24822159111499786,0.6167524456977844,-5.757842700404581e-07,0.3285764753818512,0.4860946834087372,-0.03226173296570778,0.3786160349845886,0.34243953227996826,-0.0484488420188427,0.3834798336029053,0.2402268499135971,-0.061229631304740906,0.36556509137153625,0.1410401463508606,-0.06858386844396591,0.321466863155365,0.29970693588256836,-0.0616886205971241,0.46067678928375244,0.41853955388069153,-0.11216700822114944,0.428986132144928,0.45975732803344727,-0.13951608538627625,0.380370557308197,0.4318486452102661,-0.15943573415279388,0.26897501945495605,0.3740238547325134,-0.0694870725274086,0.4269629120826721,0.5005226135253906,-0.11446111649274826,0.38740307092666626,0.5132068991661072,-0.12413497269153595,0.34594157338142395,0.48277127742767334,-0.13616405427455902,0.2359611690044403,0.4682137370109558,-0.08118072152137756,0.3855809271335602,0.5811464786529541,-0.11912715435028076,0.3550221621990204,0.5878173112869263,-0.10888870060443878,0.3210301399230957,0.5542480945587158,-0.10381773859262466,0.2202119082212448,0.5649929046630859,-0.09777335077524185,0.34635981917381287,0.6397824883460999,-0.1295364797115326,0.3321337103843689,0.632236123085022,-0.13207711279392242,0.29750528931617737,0.6007817387580872,-0.1334378719329834,thumbs_up,RRQ_p4,RRQ
0.2856908142566681,0.41481828689575195,-1.4418596094856184e-07,0.3269372284412384,0.3668301999568939,-0.028469040989875793,0.34630459547042847,0.29249393939971924,-0.04298019781708717,0.36096635460853577,0.23936247825622559,-0.054038140922784805,0.3898681402206421,0.2118741124868393,-0.06027337908744812,0.265674889087677,0.22198143601417542,-0.026569640263915062,0.2481745332479477,0.25520017743110657,-0.05065762624144554,0.2725605070590973,0.2879897952079773,-0.058843906968832016,0.28432273864746094,0.27894559502601624,-0.061841368675231934,0.23345112800598145,0.24476444721221924,-0.023067262023687363,0.22907909750938416,0.28954893350601196,-0.04636020585894585,0.26446691155433655,0.3232685625553131,-0.04518362507224083,0.27283191680908203,0.30733397603034973,-0.03989706188440323,0.2107831835746765,0.27863389253616333,-0.023797573521733284,0.21224631369113922,0.3232450485229492,-0.04708636552095413,0.24646425247192383,0.3496292233467102,-0.03777585178613663,0.25521865487098694,0.3323526680469513,-0.026736421510577202,0.1943719983100891,0.31427010893821716,-0.02771024778485298,0.19922691583633423,0.3494478166103363,-0.0406365767121315,0.2280731499195099,0.3704001307487488,-0.0344095453619957,0.23911793529987335,0.3604232966899872,-0.02574021928012371,thumbs_up,RRQ_p4,RRQ
0.7392035126686096,0.6806429624557495,-9.767916964165124e-08,0.71388179063797,0.6174169182777405,-0.0005963660078123212,0.6755836606025696,0.5693543553352356,-0.008116764016449451,0.656777024269104,0.5231882929801941,-0.017162393778562546,0.6602723002433777,0.4814358949661255,-0.02665550820529461,0.6254697442054749,0.5931545495986938,-0.01486026681959629,0.580710232257843,0.6275513768196106,-0.024252573028206825,0.5994166135787964,0.635834276676178,-0.030180586501955986,0.6188176870346069,0.6267243027687073,-0.03373806178569794,0.6281654238700867,0.6358470916748047,-0.02033449336886406,0.5887051820755005,0.6627136468887329,-0.025673825293779373,0.6082510948181152,0.6668434739112854,-0.0244602058082819,0.6277459859848022,0.6581730246543884,-0.02426096983253956,0.6356642842292786,0.677157461643219,-0.025155773386359215,0.6081759929656982,0.69493168592453,-0.027199897915124893,0.6251891851425171,0.6959960460662842,-0.02012331411242485,0.6423543691635132,0.6881722211837769,-0.01630854234099388,0.6460031270980835,0.7143418192863464,-0.030347073450684547,0.6245951652526855,0.721979558467865,-0.029010802507400513,0.6415814161300659,0.7208149433135986,-0.02022511698305607,0.6570470333099365,0.714127779006958,-0.013630622066557407,thumbs_up,RRQ_p4,RRQ
0.70833420753479,0.6296731233596802,-4.486046520923992e-07,0.6618071794509888,0.5410670638084412,-0.007257066201418638,0.6489642858505249,0.4575240910053253,-0.015702074393630028,0.656358003616333,0.3930007815361023,-0.02366974949836731,0.6729849576950073,0.3463558554649353,-0.029724478721618652,0.6996392607688904,0.4241044521331787,-0.02296770177781582,0.6269955039024353,0.4398123025894165,-0.03908245638012886,0.6238440275192261,0.4776512384414673,-0.043539803475141525,0.6418043971061707,0.48019611835479736,-0.0458466075360775,0.7147908806800842,0.46464234590530396,-0.029440678656101227,0.6271510124206543,0.4951767921447754,-0.0435432530939579,0.632412850856781,0.5200406312942505,-0.0391760915517807,0.6541045308113098,0.517489492893219,-0.03686949238181114,0.7196469306945801,0.5129377841949463,-0.03719576448202133,0.6364566087722778,0.5417028665542603,-0.04996488243341446,0.6429777145385742,0.5578864812850952,-0.03986824303865433,0.6650451421737671,0.5519399642944336,-0.03346690908074379,0.7170481085777283,0.5616662502288818,-0.0460084043443203,0.6476972699165344,0.5823200941085815,-0.05402807146310806,0.650688886642456,0.5899968147277832,-0.049745671451091766,0.6689614057540894,0.5844141244888306,-0.04565706476569176,thumbs_up,RRQ_p4,RRQ
0.218643918633461,0.5348302721977234,-4.885327484771551e-07,0.2783356308937073,0.40413975715637207,-0.012943086214363575,0.3115174174308777,0.26290860772132874,-0.027494877576828003,0.3107885420322418,0.16582578420639038,-0.04266933724284172,0.2876499891281128,0.09112164378166199,-0.05159100145101547,0.26769253611564636,0.1819121241569519,-0.04522470384836197,0.3918203115463257,0.2344229519367218,-0.08708897978067398,0.3785023093223572,0.2862027585506439,-0.10348547250032425,0.3467598557472229,0.2791292667388916,-0.11404989659786224,0.24076484143733978,0.2470683753490448,-0.05988430231809616,0.389460027217865,0.32484903931617737,-0.09864696860313416,0.3619057834148407,0.35558414459228516,-0.10088138282299042,0.32648739218711853,0.33850452303886414,-0.10498866438865662,0.22746290266513824,0.3327256143093109,-0.07713492959737778,0.3690435588359833,0.41042017936706543,-0.10916702449321747,0.338375061750412,0.4337120056152344,-0.09933485090732574,0.30515041947364807,0.4150010943412781,-0.09334813058376312,0.22518223524093628,0.4206257164478302,-0.09684155136346817,0.34526070952415466,0.4700794517993927,-0.11871277540922165,0.32466498017311096,0.4767267107963562,-0.12048637866973877,0.28783103823661804,0.45931923389434814,-0.12148928642272949,thumbs_up,RRQ_p4,RRQ
0.22331520915031433,0.481276273727417,-2.355289154820639e-07,0.21841129660606384,0.37887442111968994,-0.0036096738185733557,0.22315070033073425,0.2752707302570343,-0.02317884750664234,0.20699651539325714,0.19813692569732666,-0.04469537362456322,0.16628925502300262,0.15301476418972015,-0.06325507909059525,0.30476507544517517,0.2200148105621338,-0.03386944159865379,0.407595694065094,0.25163179636001587,-0.0521378368139267,0.38894009590148926,0.28762754797935486,-0.06027880683541298,0.35684099793434143,0.29095548391342163,-0.06684047728776932,0.32033246755599976,0.27053171396255493,-0.04850179702043533,0.41901740431785583,0.3073447644710541,-0.055578816682100296,0.3923381567001343,0.3389737010002136,-0.04952079430222511,0.359220027923584,0.3405316174030304,-0.04974785074591637,0.33356162905693054,0.335195928812027,-0.06294338405132294,0.4137745499610901,0.3702976703643799,-0.06359551101922989,0.38628503680229187,0.3949137032032013,-0.04896264150738716,0.35475194454193115,0.392412394285202,-0.04477090761065483,0.34539705514907837,0.4034419357776642,-0.07868491113185883,0.40452903509140015,0.42845866084098816,-0.0729600340127945,0.37793517112731934,0.44548457860946655,-0.058344338089227676,0.34849947690963745,0.4405205249786377,-0.05137954279780388,thumbs_up,RRQ_p4,RRQ
